"Questions","Answers","Label"
"When was Richard Wyckoff born?","Richard Demille Wyckoff was born in 1873.","Personal Life"
"When did Richard Wyckoff pass away?","Richard Wyckoff passed away in 1934 at the age of 61.","Personal Life"
"At what age did Wyckoff begin his Wall Street career?","Wyckoff began his Wall Street career at the remarkably young age of 15, working as a stock runner for a New York brokerage firm.","Personal Life"
"What was Wyckoff's first job on Wall Street?","Wyckoff's first job was as a stock runner, delivering stock certificates and documents between brokerages in New York City.","Personal Life"
"In what year did Wyckoff start working on Wall Street?","Wyckoff started working on Wall Street in 1888 when he was just 15 years old.","Personal Life"
"Where did Wyckoff work as a stock runner?","Wyckoff worked as a stock runner for a New York brokerage firm, delivering securities and messages across the financial district.","Personal Life"
"How young was Wyckoff when he owned his own brokerage firm?","By age 25, while still in his twenties, Wyckoff had already become the head of his own brokerage firm.","Personal Life"
"In what year did Wyckoff become head of his own brokerage firm?","Wyckoff became head of his own brokerage firm in 1898, at the age of 25.","Personal Life"
"How long was Wyckoff's Wall Street career?","Wyckoff had over 40 years of Wall Street experience, from starting as a stock runner at 15 until his death in 1934.","Personal Life"
"What was Wyckoff's full name?","Wyckoff's full name was Richard Demille Wyckoff.","Personal Life"
"What publication did Wyckoff found and edit?","Wyckoff founded and edited The Magazine of Wall Street, which he wrote and edited for nearly two decades.","Personal Life"
"How many subscribers did Wyckoff's magazine have at its peak?","The Magazine of Wall Street had over 200,000 subscribers at its peak.","Personal Life"
"How long did Wyckoff edit The Magazine of Wall Street?","Wyckoff wrote and edited The Magazine of Wall Street for nearly two decades.","Personal Life"
"What was the name of Wyckoff's famous publication?","Wyckoff's famous publication was called The Magazine of Wall Street.","Personal Life"
"What type of content did Wyckoff publish in his magazine?","Wyckoff published market analysis, trading techniques, and educational content about stock market operations in his magazine.","Personal Life"
"How did Wyckoff use his magazine to influence investors?","Wyckoff used his magazine to educate retail investors about market manipulation and teach them how to identify institutional trading patterns.","Personal Life"
"What made The Magazine of Wall Street unique?","The Magazine of Wall Street was unique because it revealed the 'real rules of the game' that professional operators used to profit from markets.","Personal Life"
"Who was the primary audience for Wyckoff's magazine?","The primary audience was retail investors who wanted to understand how professional traders and institutions operated in the markets.","Personal Life"
"What motivated Wyckoff to become an educator later in his career?","As time passed, Wyckoff's altruism grew, and he felt compelled to compile his 40 years of Wall Street experience to help retail investors avoid being 'repeatedly fleeced' by large operators.","Personal Life"
"What educational institution did Wyckoff establish in the 1930s?","In the 1930s, Wyckoff founded a school which would later become the Stock Market Institute.","Personal Life"
"When did Wyckoff publish his comprehensive trading course?","In 1931, Wyckoff published 'The Richard D. Wyckoff Method of Trading and Investing Stocks: A Course of Instruction in Stock Market Science and Technique.'","Personal Life"
"What was the name of Wyckoff's trading course?","The course was called 'The Richard D. Wyckoff Method of Trading and Investing Stocks: A Course of Instruction in Stock Market Science and Technique.'","Personal Life"
"What was the Stock Market Institute?","The Stock Market Institute was the school Wyckoff founded in the 1930s to teach his methodology to the public.","Personal Life"
"What was Wyckoff's primary mission in his educational efforts?","Wyckoff dedicated himself to instructing the public about 'the real rules of the game' as played by large interests or 'smart money.'","Personal Life"
"Why did Wyckoff transition from trading to education?","Wyckoff saw retail investors being repeatedly taken advantage of by large operators and felt a responsibility to share his knowledge to level the playing field.","Personal Life"
"What did Wyckoff hope to achieve through his educational work?","Wyckoff hoped to democratize market knowledge so that retail traders could compete on equal footing with professional operators.","Personal Life"
"Who were some of the legendary traders Wyckoff studied and interviewed?","Wyckoff observed and interviewed legendary stock operators of his time, including JP Morgan and Jesse Livermore.","Personal Life"
"What did Wyckoff learn from Jesse Livermore?","From Jesse Livermore, Wyckoff learned about tape reading, market manipulation tactics, and the importance of psychological discipline in trading.","Personal Life"
"How did Wyckoff's observations of JP Morgan influence his methodology?","Observing JP Morgan taught Wyckoff about large-scale market campaigns, accumulation tactics, and how powerful operators manipulated prices.","Personal Life"
"What advantage did Wyckoff's position as broker give him?","As a broker, Wyckoff was in a unique position to observe the activities of highly successful individuals and groups who dominated specific stocks.","Personal Life"
"How did Wyckoff gather information about smart money operations?","Wyckoff gathered information through direct observation as a broker, interviews with legendary traders, and careful analysis of tape and charts.","Personal Life"
"What did Wyckoff mean by 'codifying' the best practices of legendary traders?","Wyckoff systematically organized and documented the trading methods of successful operators into teachable laws, principles, and techniques.","Personal Life"
"Did Wyckoff trade while also being an educator?","Yes, Wyckoff was both an active tape reader and trader while simultaneously being a researcher and educator.","Personal Life"
"What personal qualities made Wyckoff successful as a market analyst?","Wyckoff was an avid student of the markets with exceptional observation and communication skills, combined with meticulous record-keeping habits.","Personal Life"
"How did Wyckoff's early career experiences shape his methodology?","Working as a stock runner and then broker exposed Wyckoff to market manipulation by big traders, motivating him to decode their methods for public benefit.","Personal Life"
"What was Wyckoff's approach to helping retail investors?","Wyckoff believed in teaching retail investors to trade in harmony with large operators rather than being victimized by them.","Personal Life"
"What drove Wyckoff's passion for market analysis?","Wyckoff was driven by both intellectual curiosity about market mechanics and genuine concern for retail investors who were being taken advantage of.","Personal Life"
"How did Wyckoff view his role in the financial community?","Wyckoff saw himself as both a successful practitioner and educator, believing he had a responsibility to share his knowledge.","Personal Life"
"What was unique about Wyckoff's market perspective?","Wyckoff was both an active tape reader and trader while simultaneously being a researcher and educator, giving him a comprehensive view.","Personal Life"
"What personal philosophy guided Wyckoff's later work?","Wyckoff believed that knowledge should be democratized and that retail traders deserved to understand the same principles that professional operators used.","Personal Life"
"How did Wyckoff's role evolve throughout his career?","Wyckoff evolved from stock runner to broker, then to firm owner, publisher, educator, and finally market philosopher.","Personal Life"
"Was Wyckoff considered successful as a trader?","Yes, Wyckoff was highly successful as a trader, achieving significant returns through his own investment methods before focusing on education.","Personal Life"
"What was Wyckoff's attitude toward retail investors?","Wyckoff had deep sympathy for retail investors and was genuinely concerned about their losses at the hands of manipulative operators.","Personal Life"
"How is Wyckoff ranked among technical analysts?","Wyckoff is considered one of the five 'titans' of technical analysis, alongside Dow, Gann, Elliott, and Merrill.","Personal Life"
"Who are the other four titans of technical analysis alongside Wyckoff?","The other four titans are Charles Dow, William Gann, Ralph Nelson Elliott, and Arthur Merrill.","Personal Life"
"What is Wyckoff's lasting legacy in trading?","Wyckoff's lasting legacy is a comprehensive methodology for understanding institutional behavior and trading in harmony with smart money.","Personal Life"
"How has Wyckoff's methodology survived over time?","Wyckoff's methodology has survived because it is based on fundamental market principles of supply and demand and human psychology that remain constant.","Personal Life"
"Is Wyckoff's method still relevant today?","Yes, Wyckoff's method remains highly relevant today and is used by professional traders worldwide to analyze institutional activity.","Personal Life"
"What makes Wyckoff's methodology timeless?","The methodology is based on fundamental market principles of supply and demand and human psychology, which remain constant regardless of technology.","Personal Life"
"How do modern traders view Wyckoff?","Modern traders view Wyckoff as a pioneer whose insights into institutional behavior remain as valid today as they were a century ago.","Personal Life"
"What institutions teach Wyckoff methodology today?","Various trading schools and professional certification programs teach Wyckoff methodology, including the Stock Market Institute's successor organizations.","Personal Life"
"What did Wyckoff observe about retail investors?","Wyckoff observed that retail investors were being 'repeatedly fleeced' by large operators who manipulated stock prices.","Personal Life"
"How did Wyckoff describe the relationship between retail and institutional traders?","Wyckoff described it as a game where uninformed retail traders were consistently disadvantaged by knowledgeable professional operators.","Personal Life"
"What did Wyckoff call the large market operators?","Wyckoff referred to large market operators as 'smart money,' 'big traders,' or 'professional operators.'","Personal Life"
"What was Wyckoff's view on market manipulation?","Wyckoff believed market manipulation was a natural part of how large operators accumulated and distributed stock, and traders should learn to recognize it.","Personal Life"
"How did Wyckoff describe his mission?","Wyckoff described his mission as teaching the public 'the real rules of the game' as played by the large interests.","Personal Life"
"What did Wyckoff mean by 'the real rules of the game'?","The 'real rules of the game' referred to the actual mechanics of how smart money accumulates and distributes stock, contrary to what most retail investors believed.","Personal Life"
"How did Wyckoff develop his observation skills?","Wyckoff developed his observation skills through years of watching tape and charts as both a broker and active trader.","Personal Life"
"What role did tape reading play in Wyckoff's career?","Tape reading was central to Wyckoff's career, allowing him to observe real-time market behavior and institutional order flow.","Personal Life"
"How did Wyckoff document his market observations?","Wyckoff was a meticulous record keeper who documented market patterns, price movements, and volume behaviors systematically.","Personal Life"
"What was Wyckoff's approach to learning about markets?","Wyckoff was an avid student who combined practical trading experience with systematic observation and documentation.","Personal Life"
"How did Wyckoff's brokerage experience benefit his methodology?","His brokerage experience gave him insider access to observe how successful operators executed their market campaigns.","Personal Life"
"What communication skills did Wyckoff possess?","Wyckoff had exceptional communication skills that allowed him to explain complex market concepts clearly to retail investors.","Personal Life"
"What era did Wyckoff trade in?","Wyckoff traded during the late 19th and early 20th centuries, a period of significant market volatility and manipulation.","Personal Life"
"What was the trading environment like during Wyckoff's career?","The trading environment featured less regulation, more overt manipulation by powerful operators, and limited information for retail investors.","Personal Life"
"How did Wyckoff witness market panics?","Wyckoff witnessed multiple market panics including the Panic of 1907, observing how smart money operated during extreme volatility.","Personal Life"
"What major market events did Wyckoff experience?","Wyckoff experienced the Panic of 1907, the bull markets of the 1920s, and the 1929 crash during his Wall Street career.","Personal Life"
"How did the 1929 crash affect Wyckoff's thinking?","The 1929 crash reinforced Wyckoff's belief in the importance of understanding distribution patterns and smart money behavior.","Personal Life"
"What was Wall Street like when Wyckoff started?","When Wyckoff started, Wall Street was dominated by powerful operators like JP Morgan who could move markets through their trading.","Personal Life"
"Did Wyckoff have any family?","Historical records focus primarily on Wyckoff's professional life, with limited documentation of his personal family life.","Personal Life"
"Where did Wyckoff live during his career?","Wyckoff lived and worked primarily in New York City, the center of American financial markets.","Personal Life"
"What was Wyckoff's lifestyle like?","Wyckoff lived the life of a successful Wall Street professional, combining active trading with publishing and educational work.","Personal Life"
"How did Wyckoff balance trading and education?","Wyckoff transitioned gradually from active trading to education as his altruistic motivations grew stronger over time.","Personal Life"
"What did Wyckoff believe about market behavior?","Wyckoff believed that all market behavior could be understood through the lens of supply and demand and the actions of large operators.","Personal Life"
"How did Wyckoff view the average investor's chances?","Wyckoff believed the average investor could succeed if properly educated about how markets really operated.","Personal Life"
"What was Wyckoff's view on market prediction?","Wyckoff believed markets could be anticipated through careful analysis of price, volume, and the behavior of smart money.","Personal Life"
"Did Wyckoff believe in fundamental or technical analysis?","Wyckoff was primarily a technical analyst who believed price and volume told the complete story of market behavior.","Personal Life"
"What did Wyckoff think about news and rumors?","Wyckoff taught that news and rumors were often used by large operators to manipulate public sentiment during their campaigns.","Personal Life"
"How did Wyckoff view the role of emotion in trading?","Wyckoff believed emotion was the enemy of successful trading and that traders needed discipline to follow their analysis.","Personal Life"
"What year was Wyckoff born in?","Wyckoff was born in 1873.","Personal Life"
"How old was Wyckoff when he died?","Wyckoff was 61 years old when he passed away in 1934.","Personal Life"
"What century did Wyckoff primarily work in?","Wyckoff worked primarily in the late 19th and early 20th centuries, from 1888 to 1934.","Personal Life"
"Was Wyckoff self-taught or formally educated?","Wyckoff was largely self-taught through practical experience, observation, and studying successful traders.","Personal Life"
"How did Wyckoff gain his market knowledge?","Wyckoff gained his knowledge through 40 years of practical experience, observation of legendary traders, and systematic documentation.","Personal Life"
"What was Wyckoff's greatest contribution to trading?","Wyckoff's greatest contribution was creating a systematic methodology for understanding and trading in harmony with institutional behavior.","Personal Life"
"What were the key milestones in Wyckoff's career?","Key milestones included becoming a broker at 15, owning his firm at 25, founding the Magazine of Wall Street, and publishing his course in 1931.","Personal Life"
"When did Wyckoff start publishing?","Wyckoff began his publishing career with The Magazine of Wall Street, which he edited for nearly two decades.","Personal Life"
"How long did Wyckoff actively trade?","Wyckoff actively traded for over 40 years, from his early career until focusing primarily on education.","Personal Life"
"What did Wyckoff do in his final years?","In his final years, Wyckoff focused primarily on education, running the Stock Market Institute and refining his methodology.","Personal Life"
"How did Wyckoff spend his time at the Stock Market Institute?","At the Stock Market Institute, Wyckoff taught his methodology to students and continued developing his educational materials.","Personal Life"
"Who did Wyckoff influence?","Wyckoff influenced generations of traders and analysts who built upon his principles of supply and demand analysis.","Personal Life"
"How did Wyckoff impact the field of technical analysis?","Wyckoff established many fundamental concepts of technical analysis including accumulation, distribution, and the analysis of price-volume relationships.","Personal Life"
"What organizations carry on Wyckoff's legacy?","Organizations like Wyckoff Analytics and various trading schools continue to teach and develop Wyckoff's methodology.","Personal Life"
"How do professional traders use Wyckoff's work today?","Professional traders use Wyckoff's work to identify institutional accumulation and distribution and time entries accordingly.","Personal Life"
"What books have been written about Wyckoff?","Numerous books have been written about Wyckoff's methodology, including works by Hank Pruden, Rubén Villahermosa, and others.","Personal Life"
"What was Wyckoff's work ethic like?","Wyckoff had an exceptional work ethic, evidenced by his meticulous record-keeping and decades of continuous market study.","Personal Life"
"Was Wyckoff considered honest?","Yes, Wyckoff was considered highly honest and was motivated by genuine concern for retail investors.","Personal Life"
"What made Wyckoff different from other traders?","Wyckoff was different because he combined successful trading with a sincere desire to educate and protect retail investors.","Personal Life"
"How did Wyckoff's altruism manifest?","Wyckoff's altruism manifested in his dedication to teaching retail investors the methods used by professional operators.","Personal Life"
"Was Wyckoff considered a pioneer?","Yes, Wyckoff is considered a pioneer in technical analysis and one of the founding fathers of modern market analysis.","Personal Life"
"What did Wyckoff sacrifice for education?","Wyckoff sacrificed potential trading profits to dedicate his later years to educating retail investors.","Personal Life"
"How did Wyckoff feel about his career accomplishments?","Wyckoff felt his greatest accomplishment was developing a methodology that could help ordinary investors succeed.","Personal Life"
"What was Wyckoff's approach to competition?","Wyckoff believed in cooperation over competition, sharing his knowledge freely with those who wanted to learn.","Personal Life"
"Did Wyckoff mentor individual traders?","Yes, through his Stock Market Institute and course materials, Wyckoff mentored countless individual traders.","Personal Life"
"What was Wyckoff's view on wealth?","Wyckoff believed wealth should come from understanding markets, not from manipulating or deceiving other investors.","Personal Life"
"How did Wyckoff handle market losses?","Wyckoff approached losses as learning opportunities and taught that proper risk management was essential.","Personal Life"
"What was Wyckoff's daily routine?","Wyckoff spent his days analyzing charts, reading tape, observing market behavior, and documenting his findings.","Personal Life"
"How did Wyckoff stay current with markets?","Wyckoff stayed current through continuous observation of price and volume behavior using tape reading and charts.","Personal Life"
"What tools did Wyckoff use for analysis?","Wyckoff used ticker tape, bar charts, and Point and Figure charts as his primary analytical tools.","Personal Life"
"Did Wyckoff use any mathematical indicators?","Wyckoff relied primarily on price and volume analysis rather than mathematical indicators or oscillators.","Personal Life"
"How did Wyckoff record his observations?","Wyckoff maintained detailed records of price movements, volume patterns, and market behavior in charts and notes.","Personal Life"
"What was Wyckoff's morning routine?","Wyckoff typically began his day by reviewing overnight developments and analyzing the opening market conditions.","Personal Life"
"How did Wyckoff prepare for trading?","Wyckoff prepared by analyzing market structure, identifying accumulation or distribution, and planning entry points.","Personal Life"
"What was Wyckoff's investment philosophy?","Wyckoff's philosophy centered on trading in harmony with large operators rather than against them.","Personal Life"
"How did Wyckoff define success in trading?","Wyckoff defined success as consistently profitable trading based on understanding market structure and institutional behavior.","Personal Life"
"What advice did Wyckoff give to beginners?","Wyckoff advised beginners to study market behavior extensively before risking capital and to always manage risk.","Personal Life"
"How did Wyckoff view speculation vs investing?","Wyckoff saw speculation and investing as related activities that both required understanding supply and demand dynamics.","Personal Life"
"What was Wyckoff's view on diversification?","Wyckoff believed in concentrating on a few well-analyzed stocks rather than diversifying broadly without understanding.","Personal Life"
"How did Wyckoff select stocks to trade?","Wyckoff selected stocks based on their position in the market cycle and evidence of accumulation or distribution.","Personal Life"
"What markets did Wyckoff trade?","Wyckoff primarily traded stocks on the New York Stock Exchange, though his methods apply to all freely-traded markets.","Personal Life"
"Did Wyckoff trade commodities?","While Wyckoff focused on stocks, his principles of supply and demand apply equally to commodity markets.","Personal Life"
"How did Wyckoff view different timeframes?","Wyckoff recognized that market cycles occurred across all timeframes and traders should analyze multiple timeframes.","Personal Life"
"What was Wyckoff's preferred trading timeframe?","Wyckoff traded across multiple timeframes but emphasized understanding the larger market context first.","Personal Life"
"How did Wyckoff handle market uncertainty?","Wyckoff handled uncertainty by waiting for clear signs of accumulation or distribution before acting.","Personal Life"
"What did Wyckoff do when markets were unclear?","When markets were unclear, Wyckoff advocated staying on the sidelines until a clear opportunity emerged.","Personal Life"
"How did Wyckoff balance patience and action?","Wyckoff believed in patient preparation followed by decisive action when conditions were right.","Personal Life"
"What was Wyckoff's approach to market analysis?","Wyckoff's approach combined tape reading, chart analysis, and understanding of institutional behavior.","Personal Life"
"How did Wyckoff test his theories?","Wyckoff tested his theories through actual trading and years of market observation and documentation.","Personal Life"
"Did Wyckoff ever change his methodology?","Wyckoff refined his methodology over his 40-year career based on continued observation and experience.","Personal Life"
"How did Wyckoff adapt to changing markets?","Wyckoff's focus on fundamental supply and demand principles allowed adaptation to changing market conditions.","Personal Life"
"What was Wyckoff's greatest challenge?","Wyckoff's greatest challenge was convincing retail investors that they could succeed by understanding institutional behavior.","Personal Life"
"How did Wyckoff overcome skepticism?","Wyckoff overcame skepticism through detailed documentation, successful trading, and clear educational materials.","Personal Life"
"What made Wyckoff's teaching effective?","Wyckoff's teaching was effective because it was based on practical experience and presented in clear, systematic terms.","Personal Life"
"How did Wyckoff simplify complex concepts?","Wyckoff used analogies, examples, and systematic frameworks like the Composite Man to simplify complex concepts.","Personal Life"
"What was Wyckoff's teaching style?","Wyckoff's teaching style was systematic, detailed, and focused on practical application rather than theory alone.","Personal Life"
"How did Wyckoff structure his course?","Wyckoff structured his course around fundamental laws, market phases, events, and practical trading techniques.","Personal Life"
"What was the length of Wyckoff's course?","Wyckoff's comprehensive course covered extensive material on market structure, analysis, and trading techniques.","Personal Life"
"How much did Wyckoff's course cost?","Wyckoff's course was available to those willing to invest in their education, democratizing previously exclusive knowledge.","Personal Life"
"Who were Wyckoff's best students?","Wyckoff's best students were those who applied his methods systematically and developed strong analytical discipline.","Personal Life"
"What careers did Wyckoff's students pursue?","Wyckoff's students became professional traders, analysts, and educators who carried forward his methodology.","Personal Life"
"How did Wyckoff measure teaching success?","Wyckoff measured success by his students' ability to independently analyze markets and trade profitably.","Personal Life"
"What feedback did Wyckoff receive from students?","Students appreciated Wyckoff's systematic approach and practical focus on real market behavior.","Personal Life"
"Did Wyckoff continue trading while teaching?","Wyckoff maintained his connection to markets throughout his teaching career, though education became his primary focus.","Personal Life"
"How did Wyckoff's health affect his later work?","Wyckoff continued his educational mission despite declining health in his final years.","Personal Life"
"What were Wyckoff's final contributions?","Wyckoff's final contributions included refined versions of his course and continued development of the Stock Market Institute.","Personal Life"
"How is Wyckoff remembered today?","Wyckoff is remembered as a pioneer who democratized market knowledge and created enduring analytical frameworks.","Personal Life"
"What would Wyckoff think of modern markets?","Wyckoff would likely recognize that despite technological changes, the fundamental principles of supply and demand remain constant.","Personal Life"
"How has Wyckoff's legacy grown?","Wyckoff's legacy has grown as more traders discover the effectiveness of his supply and demand approach.","Personal Life"
"What modern tools would Wyckoff use?","Wyckoff would likely embrace modern charting software while maintaining focus on price and volume fundamentals.","Personal Life"
"How do Wyckoff practitioners honor his memory?","Practitioners honor Wyckoff by teaching his methods, applying them successfully, and developing the methodology further.","Personal Life"
"What organizations preserve Wyckoff's work?","Organizations like Wyckoff Analytics and trading educators worldwide preserve and teach Wyckoff's methodology.","Personal Life"
"Is there a Wyckoff certification?","Yes, the Henry O. Pruden Certificate of Proficiency in Wyckoff Method provides formal certification in his approach.","Personal Life"
"What books best represent Wyckoff's original work?","Wyckoff's original course materials and writings are the best representation of his methodology.","Personal Life"
"How can traders learn about Wyckoff's life?","Traders can learn about Wyckoff through historical documents, his original course materials, and educational resources.","Personal Life"
"What photographs exist of Wyckoff?","Several historical photographs of Wyckoff exist, showing him as a distinguished Wall Street professional.","Personal Life"
"Where can Wyckoff's original writings be found?","Wyckoff's original writings can be found through financial history archives, the Stock Market Institute, and educational publishers.","Personal Life"
"What was Wyckoff's greatest personal trait?","Wyckoff's greatest trait was his genuine desire to help ordinary investors succeed in markets dominated by professionals.","Personal Life"
"How did Wyckoff define himself?","Wyckoff defined himself as both a successful market practitioner and a dedicated educator.","Personal Life"
"What did Wyckoff consider his life's work?","Wyckoff considered his life's work to be the development and teaching of a methodology that leveled the playing field for retail investors.","Personal Life"
"How would Wyckoff want to be remembered?","Wyckoff would want to be remembered as someone who helped ordinary people understand and profit from markets.","Personal Life"
"What was Wyckoff's ultimate goal?","Wyckoff's ultimate goal was to democratize market knowledge so all investors could trade alongside smart money.","Personal Life"
"Did Wyckoff achieve his goals?","Wyckoff achieved his goals by creating a methodology that continues to help traders over 90 years after his death.","Personal Life"
"What made Wyckoff unique in his time?","Wyckoff was unique in his willingness to reveal professional trading secrets to ordinary investors.","Personal Life"
"How did peers view Wyckoff?","Peers viewed Wyckoff as a respected analyst and educator who bridged the gap between professionals and retail investors.","Personal Life"
"What was Wyckoff's reputation?","Wyckoff had an excellent reputation for integrity, analytical skill, and dedication to investor education.","Personal Life"
"How did Wyckoff handle criticism?","Wyckoff responded to criticism by letting his methodology's results speak for themselves.","Personal Life"
"What controversies surrounded Wyckoff?","Wyckoff faced skepticism from those who benefited from keeping retail investors uninformed about professional methods.","Personal Life"
"How did Wyckoff respond to market manipulation?","Wyckoff responded to manipulation by teaching traders to recognize and profit from it rather than be victimized.","Personal Life"
"What was Wyckoff's stance on market regulation?","Wyckoff focused on education rather than regulation, believing informed investors could protect themselves.","Personal Life"
"How did Wyckoff view the SEC's creation?","The SEC was created shortly before Wyckoff's death; he believed education was more powerful than regulation.","Personal Life"
"What era best represents Wyckoff's trading?","The early 20th century, particularly the 1910s and 1920s, best represents Wyckoff's active trading period.","Personal Life"
"How did World War I affect Wyckoff?","World War I created market volatility that Wyckoff navigated using his supply and demand principles.","Personal Life"
"What role did the Roaring Twenties play in Wyckoff's career?","The Roaring Twenties provided examples of distribution and speculation that informed Wyckoff's methodology.","Personal Life"
"How did Wyckoff view the speculative excesses of the 1920s?","Wyckoff recognized the speculative excesses as classic distribution behavior by smart money.","Personal Life"
"Did Wyckoff predict the 1929 crash?","Wyckoff's methodology would have identified the distribution preceding the 1929 crash through declining volume on rallies.","Personal Life"
"How did Wyckoff survive the 1929 crash?","Wyckoff's understanding of distribution patterns would have helped him exit positions before the worst of the crash.","Personal Life"
"What lessons did Wyckoff draw from 1929?","The 1929 crash reinforced Wyckoff's teachings about recognizing distribution and the importance of timing exits.","Personal Life"
"How did Wyckoff teach about market crashes?","Wyckoff taught that crashes are preceded by identifiable distribution patterns that informed traders can recognize.","Personal Life"
"What was Wyckoff doing in 1929?","In 1929, Wyckoff was focused on education and running the Stock Market Institute, having reduced active trading.","Personal Life"
"How did Wyckoff's students fare in 1929?","Students who applied Wyckoff's methodology correctly would have recognized the distribution and protected capital.","Personal Life"
"What did Wyckoff write after 1929?","After 1929, Wyckoff continued refining his methodology and teaching the importance of recognizing distribution.","Personal Life"
"How did the Great Depression affect Wyckoff?","Wyckoff lived through the early years of the Depression, continuing his educational mission until his death in 1934.","Personal Life"
"What was Wyckoff's health like?","Limited historical records exist about Wyckoff's specific health, but he remained active until near his death.","Personal Life"
"How did Wyckoff spend his final days?","Wyckoff spent his final days continuing to develop his methodology and educate through the Stock Market Institute.","Personal Life"
"What happened to Wyckoff's work after his death?","After Wyckoff's death, the Stock Market Institute and his students continued teaching and developing his methodology.","Personal Life"
"Who carried on Wyckoff's work?","Multiple students and educators carried on Wyckoff's work, adapting it for new generations of traders.","Personal Life"
"How has Wyckoff's work evolved?","Wyckoff's work has evolved through integration with modern tools while maintaining its core principles.","Personal Life"
"What modern adaptations exist of Wyckoff's method?","Modern adaptations include integration with volume profile, order flow analysis, and computer-aided pattern recognition.","Personal Life"
"How would Wyckoff view algorithmic trading?","Wyckoff would likely view algorithms as another form of institutional behavior to be understood and traded alongside.","Personal Life"
"Is Wyckoff analysis compatible with modern markets?","Yes, Wyckoff analysis remains highly compatible with modern markets because it's based on universal supply and demand principles.","Personal Life"
"What would Wyckoff think of cryptocurrency?","Wyckoff would likely apply the same supply and demand principles to cryptocurrency that he used for stocks.","Personal Life"
"How do day traders use Wyckoff?","Day traders use Wyckoff's principles to identify intraday accumulation and distribution patterns.","Personal Life"
"How do swing traders use Wyckoff?","Swing traders use Wyckoff to identify multi-day to multi-week accumulation and distribution zones.","Personal Life"
"How do position traders use Wyckoff?","Position traders use Wyckoff to identify major market cycles and longer-term accumulation/distribution.","Personal Life"
"What timeframes work best with Wyckoff?","Wyckoff's principles work across all timeframes, from intraday to monthly charts.","Personal Life"
"How do institutions use Wyckoff today?","Institutions use Wyckoff principles to understand their own market impact and identify opportunities.","Personal Life"
"Is Wyckoff taught in universities?","Some universities and professional trading programs include Wyckoff methodology in their curricula.","Personal Life"
"What academic research exists on Wyckoff?","Academic research has validated many of Wyckoff's observations about volume-price relationships and market structure.","Personal Life"
"How has technology affected Wyckoff analysis?","Technology has made Wyckoff analysis more accessible through charting software while the principles remain unchanged.","Personal Life"
"What software supports Wyckoff analysis?","Most modern charting platforms support Wyckoff analysis through volume tools, bar charts, and Point and Figure charts.","Personal Life"
"How do traders learn Wyckoff today?","Traders learn Wyckoff through courses, books, online resources, and practice on historical and live charts.","Personal Life"
"What is the core concept behind Wyckoff's Composite Man theory?","The Composite Man represents the collective actions of smart money and large operators. Wyckoff taught that all market movements should be studied as if controlled by one entity who carefully plans, executes, and concludes campaigns to accumulate and distribute stock profitably.","Strategy Development"
"How should traders think about the Composite Man?","Traders should imagine all market movements as orchestrated by a single powerful operator who accumulates stock quietly, marks up prices, distributes to the public, and then marks down prices.","Strategy Development"
"What does the Composite Man do during accumulation?","During accumulation, the Composite Man quietly absorbs available stock from weak hands at low prices, using various tactics to keep prices depressed while building a large position.","Strategy Development"
"How does the Composite Man attract public buying?","The Composite Man attracts public buying by creating the appearance of a broad market with many transactions and large volume, essentially advertising the stock.","Strategy Development"
"What happens after the Composite Man completes accumulation?","After completing accumulation, the Composite Man marks up prices by reducing selling pressure and allowing natural demand to push prices higher.","Strategy Development"
"How does the Composite Man distribute stock?","The Composite Man distributes stock by selling into strength as public enthusiasm peaks, using rallies and positive news to unload accumulated positions.","Strategy Development"
"Why did Wyckoff create the Composite Man concept?","Wyckoff created this heuristic device to help traders understand that markets move according to the collective actions of informed professionals.","Strategy Development"
"Is the Composite Man a real person?","No, the Composite Man is a theoretical construct representing the aggregate behavior of all large operators and institutions.","Strategy Development"
"How can understanding the Composite Man help traders?","Understanding the Composite Man helps traders recognize institutional behavior patterns and position themselves in harmony with smart money.","Strategy Development"
"What advantage does the Composite Man have?","The Composite Man has advantages of information, capital, and patience that allow him to execute campaigns over extended periods.","Strategy Development"
"What are Wyckoff's three fundamental laws of market behavior?","Wyckoff's three fundamental laws are: 1) Supply and Demand - prices rise when demand exceeds supply, 2) Cause and Effect - accumulation leads to markup, distribution leads to markdown, 3) Effort and Result - volume should confirm price movement.","Strategy Development"
"What is the Law of Supply and Demand?","The Law of Supply and Demand states that prices rise when demand exceeds supply and fall when supply exceeds demand. This is the primary driver of all price movements.","Strategy Development"
"How does Wyckoff apply supply and demand to trading?","Wyckoff analyzes where supply and demand are balanced or imbalanced to identify potential turning points and continuation patterns.","Strategy Development"
"What is the Law of Cause and Effect?","The Law of Cause and Effect states that a cause (accumulation or distribution) must be built before an effect (price movement) can occur, and the effect will be proportional to the cause.","Strategy Development"
"How is 'cause' built in markets?","Cause is built during trading ranges where large operators accumulate or distribute stock over time, preparing for the next trending move.","Strategy Development"
"How does Wyckoff measure cause?","Wyckoff measures cause using Point and Figure charts, counting the horizontal extent of the trading range to project price targets.","Strategy Development"
"What is the Law of Effort and Result?","The Law of Effort and Result states that volume (effort) should produce a corresponding price movement (result). Divergences between effort and result signal important changes.","Strategy Development"
"What does high volume with little price movement indicate?","High volume with little price movement indicates absorption - either accumulation (at lows) or distribution (at highs) by large operators.","Strategy Development"
"What does low volume price movement indicate?","Low volume price movement may indicate lack of conviction or participation, suggesting the move may not be sustainable.","Strategy Development"
"How do the three laws work together?","The three laws work together: supply/demand determines direction, cause/effect determines magnitude, and effort/result confirms authenticity of moves.","Strategy Development"
"What is Wyckoff's five-step approach to market analysis?","The five steps are: 1) Determine market trend and position, 2) Select stocks in harmony with the trend, 3) Choose stocks with sufficient 'cause', 4) Determine stocks' readiness to move, 5) Time entries based on market index turns.","Strategy Development"
"What is the first step in Wyckoff's approach?","Step 1 is to determine the present position and probable future trend of the market using both bar charts and Point and Figure charts of major market indices.","Strategy Development"
"Why is Step 1 important in Wyckoff's method?","Step 1 is important because it helps traders decide whether to be in the market at all and whether to take long or short positions.","Strategy Development"
"What is Step 2 in Wyckoff's approach?","Step 2 is to select stocks in harmony with the trend - choosing stronger stocks in uptrends and weaker stocks in downtrends.","Strategy Development"
"How does Step 2 improve trading results?","Step 2 improves results by ensuring positions are aligned with the overall market direction, increasing probability of success.","Strategy Development"
"What is Step 3 in Wyckoff's approach?","Step 3 is to select stocks with a 'cause' (accumulation or distribution) that equals or exceeds your minimum price objective.","Strategy Development"
"Why is sufficient cause important?","Sufficient cause ensures the stock has built enough energy during the trading range to reach your profit target after breakout.","Strategy Development"
"What is Step 4 in Wyckoff's approach?","Step 4 is to determine the stock's readiness to move using the nine buying or selling tests.","Strategy Development"
"What are the nine buying tests?","The nine buying tests assess accumulation completion through price objective achievement, preliminary support, climax, tests, relative strength, and risk-reward.","Strategy Development"
"What is Step 5 in Wyckoff's approach?","Step 5 is to time your commitment with a turn in the stock market index, since most stocks move in harmony with the general market.","Strategy Development"
"How does the Wyckoff Method identify market phases?","Wyckoff identifies five phases: Phase A (stopping previous trend), Phase B (building cause), Phase C (test phase), Phase D (trend within range), and Phase E (trend out of range).","Strategy Development"
"What happens in Phase A?","Phase A marks the stopping of the previous trend through preliminary support/supply, climax action, automatic reaction, and secondary test.","Strategy Development"
"What is the purpose of Phase A?","The purpose of Phase A is to halt the previous trend and establish the boundaries of the trading range.","Strategy Development"
"What happens in Phase B?","Phase B is where institutions build their cause by accumulating or distributing stock, often with multiple tests of range boundaries.","Strategy Development"
"Why is Phase B typically the longest phase?","Phase B is longest because large operators need time to build substantial positions without significantly moving prices.","Strategy Development"
"What happens in Phase C?","Phase C is the test phase where the stock undergoes a decisive test of supply (Spring) or demand (Upthrust) to confirm the direction.","Strategy Development"
"Why is Phase C critical for traders?","Phase C is critical because it provides the lowest risk entry point with clear invalidation levels.","Strategy Development"
"What happens in Phase D?","Phase D shows the trend emerging within the range with signs of strength (accumulation) or weakness (distribution).","Strategy Development"
"How do traders participate in Phase D?","Traders enter or add to positions during Phase D pullbacks, which offer favorable risk-reward.","Strategy Development"
"What happens in Phase E?","Phase E is when the stock leaves the trading range and the markup or markdown phase begins in earnest.","Strategy Development"
"What role does volume play in Wyckoff's methodology?","Volume validates price movements and reveals the intentions of large operators. Wyckoff emphasized that volume precedes price in major moves and that genuine moves show broad participation with increasing volume.","Strategy Development"
"How does Wyckoff use price and volume relationships?","Wyckoff analyzes effort (volume) versus result (price movement) to identify harmony or divergence between the two.","Strategy Development"
"What does harmony between price and volume indicate?","Harmony indicates the move is genuine and likely to continue - for example, increasing volume on advances in an uptrend.","Strategy Development"
"What does divergence between price and volume indicate?","Divergence suggests the move may be losing momentum or that absorption is occurring - a potential reversal signal.","Strategy Development"
"How should volume behave in a healthy uptrend?","In a healthy uptrend, volume should increase on advances and decrease on reactions, showing dominant demand.","Strategy Development"
"How should volume behave in a healthy downtrend?","In a healthy downtrend, volume should increase on declines and decrease on rallies, showing dominant supply.","Strategy Development"
"What is volume climax?","Volume climax is an extreme expansion in volume that often signals the end of a move and potential reversal.","Strategy Development"
"What does decreasing volume on rallies suggest?","Decreasing volume on rallies suggests weakening demand and potential distribution at higher prices.","Strategy Development"
"What does increasing volume on declines suggest?","Increasing volume on declines suggests intensifying supply and potential further downside.","Strategy Development"
"How does volume confirm breakouts?","Genuine breakouts should occur on expanding volume, while false breakouts often show lack of volume commitment.","Strategy Development"
"How does Wyckoff define accumulation in market structures?","Accumulation is the process by which large traders absorb available stock from the market, representing a transfer from retail traders or 'weak hands' to institutional traders or 'strong hands.'","Strategy Development"
"What causes accumulation to occur?","Accumulation occurs after a downtrend when large operators identify value and begin quietly building positions.","Strategy Development"
"How long does accumulation typically last?","Accumulation can last weeks, months, or even years depending on the stock and the size of positions being built.","Strategy Development"
"What tactics do institutions use during accumulation?","Institutions use tactics like absorbing selling pressure, testing supply, and creating fake breakdowns to accumulate stock at low prices.","Strategy Development"
"How can traders identify accumulation?","Traders identify accumulation through decreasing volume on declines, holding of support, and volume climax events that fail to produce new lows.","Strategy Development"
"What is the goal of the accumulation campaign?","The goal is to acquire a large position at favorable prices before marking up the stock to sell at higher levels.","Strategy Development"
"What happens at the end of accumulation?","At the end of accumulation, a spring or shakeout tests remaining supply, then the markup phase begins.","Strategy Development"
"How does accumulation affect price?","During accumulation, price moves sideways as supply is absorbed, then rises as remaining supply is exhausted.","Strategy Development"
"What volume patterns appear during accumulation?","Volume typically decreases as accumulation progresses, with volume climaxes at lows followed by low-volume tests.","Strategy Development"
"How do news and sentiment behave during accumulation?","News is often negative during accumulation, keeping the public bearish while institutions quietly buy.","Strategy Development"
"What is distribution in Wyckoff methodology?","Distribution is the process by which large operators sell their accumulated positions to the public, preparing for a price decline.","Strategy Development"
"When does distribution occur?","Distribution occurs after a markup phase when large operators begin transferring stock from strong hands to weak hands.","Strategy Development"
"What tactics do institutions use during distribution?","Institutions use tactics like rallying on news, creating excitement, testing demand, and creating false breakouts to distribute stock.","Strategy Development"
"How can traders identify distribution?","Traders identify distribution through decreasing volume on rallies, failure to make new highs, and volume climaxes that fail to produce higher prices.","Strategy Development"
"What is the goal of distribution?","The goal is to sell accumulated positions at high prices before marking down the stock.","Strategy Development"
"What happens at the end of distribution?","At the end of distribution, an upthrust tests remaining demand, then the markdown phase begins.","Strategy Development"
"How does distribution affect price?","During distribution, price moves sideways as demand is met with supply, then falls as demand is exhausted.","Strategy Development"
"What volume patterns appear during distribution?","Volume typically shows climaxes at highs that fail to produce new highs, with subsequent rallies on decreasing volume.","Strategy Development"
"How do news and sentiment behave during distribution?","News is often positive during distribution, attracting public buying while institutions quietly sell.","Strategy Development"
"What is the difference between accumulation and distribution patterns?","Accumulation shows absorption at lows with springs, while distribution shows absorption at highs with upthrusts.","Strategy Development"
"What is the significance of trading ranges in Wyckoff analysis?","Trading ranges represent periods where large operators either accumulate or distribute stock. The time spent in the range is proportional to the subsequent move.","Strategy Development"
"How do trading ranges form?","Trading ranges form when a trend stops and supply and demand reach temporary equilibrium while large operators reposition.","Strategy Development"
"How does Wyckoff define the boundaries of a trading range?","Trading range boundaries are defined by the climax high and low, establishing support and resistance zones.","Strategy Development"
"Why do prices stay in trading ranges?","Prices stay in ranges while large operators complete their accumulation or distribution campaigns.","Strategy Development"
"What determines the duration of a trading range?","Duration depends on how much stock needs to change hands and market conditions.","Strategy Development"
"What determines the magnitude of the move after a trading range?","The magnitude of the subsequent move is proportional to the time spent building cause in the range.","Strategy Development"
"How should traders behave during trading ranges?","Traders should analyze the range structure, identify accumulation vs distribution, and prepare for the eventual breakout.","Strategy Development"
"What events occur within trading ranges?","Events include preliminary support/supply, climax, automatic rally/reaction, secondary tests, springs/upthrusts, and signs of strength/weakness.","Strategy Development"
"How do false breakouts occur in trading ranges?","False breakouts (springs and upthrusts) occur when price temporarily breaks the range boundary before reversing back inside.","Strategy Development"
"What is the Creek in accumulation?","The Creek is the resistance level formed by the Automatic Rally high and subsequent highs in Phase B.","Strategy Development"
"How does Wyckoff identify institutional footprints on charts?","Wyckoff looks for specific events like preliminary support, selling climax, automatic rally, and springs that reveal where institutions are accumulating.","Strategy Development"
"What is preliminary support?","Preliminary support is the first attempt to stop a downtrend, showing initial buying interest from large operators.","Strategy Development"
"What is preliminary supply?","Preliminary supply is the first significant selling pressure during an uptrend, signaling potential distribution.","Strategy Development"
"What is the selling climax?","The selling climax is a dramatic price drop on high volume that marks the end of intense selling pressure and the beginning of accumulation.","Strategy Development"
"What is the buying climax?","The buying climax is a dramatic price surge on high volume that marks the end of intense buying and the beginning of distribution.","Strategy Development"
"What is the automatic rally?","The automatic rally is the natural bounce after a selling climax as panic selling exhausts itself and short covering begins.","Strategy Development"
"What is the automatic reaction?","The automatic reaction is the natural pullback after a buying climax as buying exhausts itself.","Strategy Development"
"What is a secondary test?","A secondary test revisits the area of the climax to confirm that selling or buying pressure has diminished.","Strategy Development"
"What is a spring?","A spring is a false breakdown below support that traps sellers and signals the end of accumulation.","Strategy Development"
"What is an upthrust?","An upthrust is a false breakout above resistance that traps buyers and signals the end of distribution.","Strategy Development"
"What is a Sign of Strength (SOS)?","A Sign of Strength is a strong advance on increasing volume and widening price spread that indicates demand is overcoming supply.","Strategy Development"
"What is a Sign of Weakness (SOW)?","A Sign of Weakness is a decline on increasing volume and widening price spread that indicates supply is overcoming demand.","Strategy Development"
"What is the Last Point of Support (LPS)?","The Last Point of Support is the final pullback before markup begins, typically showing decreased volume and narrower spread.","Strategy Development"
"What is the Last Point of Supply (LPSY)?","The Last Point of Supply is the final rally before markdown begins, typically showing decreased volume and narrower spread.","Strategy Development"
"How does the Jump Across the Creek work?","The Jump Across the Creek is a strong move above the Creek (resistance) on good volume, signaling the start of markup.","Strategy Development"
"What is the Back Up to the Edge of the Creek (BUEC)?","The BUEC is the pullback to test the breakout level, offering a lower-risk entry opportunity.","Strategy Development"
"How do traders use SOS and LPS for entries?","Traders enter long on the LPS following an SOS, placing stops below the spring or LPS level.","Strategy Development"
"How do traders use SOW and LPSY for entries?","Traders enter short on the LPSY following an SOW, placing stops above the upthrust or LPSY level.","Strategy Development"
"What confirms a Sign of Strength?","A Sign of Strength is confirmed by continued strength, holding above breakout level, and low-volume pullbacks.","Strategy Development"
"What confirms a Sign of Weakness?","A Sign of Weakness is confirmed by continued weakness, failure to recover, and low-volume rallies.","Strategy Development"
"How does Wyckoff use Point and Figure charts?","Wyckoff uses Point and Figure charts to measure cause and project price targets for subsequent moves.","Strategy Development"
"What is the advantage of Point and Figure charts?","Point and Figure charts filter out noise and focus purely on price movement, making counting easier.","Strategy Development"
"How are price targets calculated with Point and Figure?","Targets are calculated by counting the horizontal extent of the trading range and multiplying by box size and reversal amount.","Strategy Development"
"What does a wide Point and Figure count indicate?","A wide count indicates a large cause that should produce a significant price move.","Strategy Development"
"How do traders verify Point and Figure counts?","Traders verify counts at multiple levels within the range and compare them to other technical factors.","Strategy Development"
"Can Point and Figure counts fail?","Yes, counts can fail if market conditions change or if the structure was misidentified.","Strategy Development"
"How does Point and Figure show accumulation?","Accumulation shows as horizontal building of the chart as price moves sideways.","Strategy Development"
"How does Point and Figure show distribution?","Distribution shows as horizontal building at high prices before the chart turns down.","Strategy Development"
"What box size should traders use?","Box size should be appropriate for the price level and timeframe being analyzed.","Strategy Development"
"What reversal amount is standard?","A three-box reversal is standard, though one-box charts show more detail.","Strategy Development"
"How does Wyckoff define a trend?","A trend is the line of least resistance - the direction price moves most easily due to supply/demand imbalance.","Strategy Development"
"What are the types of trends in Wyckoff?","Wyckoff recognizes uptrends, downtrends, and trading ranges (sideways trends).","Strategy Development"
"How do traders identify trend changes?","Trend changes are identified through change of character, failed tests, and emergence of opposite signs (SOW after SOS, etc.).","Strategy Development"
"What is Change of Character (CHoCH)?","Change of Character is a shift in market behavior that signals a potential trend change.","Strategy Development"
"How do waves help assess trends?","Waves help assess trends by comparing the duration, speed, and extent of impulse vs corrective moves.","Strategy Development"
"What indicates trend strength?","Trend strength is indicated by impulses that exceed previous impulses and corrections that are shorter than previous corrections.","Strategy Development"
"What indicates trend weakness?","Trend weakness is indicated by impulses that fail to exceed previous ones and corrections that become deeper.","Strategy Development"
"How does volume confirm trend health?","Healthy trends show expanding volume on impulses and contracting volume on corrections.","Strategy Development"
"What is the path of least resistance?","The path of least resistance is the direction in which price moves most easily due to supply/demand dynamics.","Strategy Development"
"How do traders determine the path of least resistance?","Traders analyze structure, volume, and price behavior to determine whether bulls or bears have control.","Strategy Development"
"How does comparative strength analysis work?","Comparative strength analysis compares individual stocks to the market index to identify leaders and laggards.","Strategy Development"
"Why trade stocks stronger than the market?","Stronger stocks are more likely to advance further in uptrends and hold up better in corrections.","Strategy Development"
"Why trade stocks weaker than the market?","Weaker stocks are more likely to decline further in downtrends and fail to rally significantly.","Strategy Development"
"How does Wyckoff define 'smart money'?","Smart money refers to well-informed professional operators and institutions who have information and capital advantages.","Strategy Development"
"How does Wyckoff define 'weak hands'?","Weak hands are retail investors and others who sell in panic during downtrends and buy in greed during uptrends.","Strategy Development"
"What is absorption in Wyckoff terms?","Absorption is when large operators absorb selling (accumulation) or buying (distribution) without significant price change.","Strategy Development"
"How can traders identify absorption?","Absorption is identified by high volume with minimal price movement, indicating orders being filled at current levels.","Strategy Development"
"What is markup in Wyckoff methodology?","Markup is the trending phase where price rises after accumulation is complete and remaining supply is absorbed.","Strategy Development"
"What is markdown in Wyckoff methodology?","Markdown is the trending phase where price falls after distribution is complete and remaining demand is exhausted.","Strategy Development"
"How do traders participate in markup?","Traders participate in markup by entering on pullbacks (LPS) and holding until distribution signs appear.","Strategy Development"
"How do traders participate in markdown?","Traders participate in markdown by entering on rallies (LPSY) and holding until accumulation signs appear.","Strategy Development"
"What is reaccumulation?","Reaccumulation is a trading range that forms during a larger uptrend, representing a pause before continuation.","Strategy Development"
"What is redistribution?","Redistribution is a trading range that forms during a larger downtrend, representing a pause before continuation.","Strategy Development"
"How do traders distinguish reaccumulation from distribution?","They analyze the character of the range, looking for signs of continued strength vs emerging weakness.","Strategy Development"
"How do traders distinguish redistribution from accumulation?","They analyze the character of the range, looking for signs of continued weakness vs emerging strength.","Strategy Development"
"What is the Ice in distribution?","The Ice is the support level in distribution, formed by lows of the automatic reaction and subsequent lows.","Strategy Development"
"What is the Fall Through the Ice?","The Fall Through the Ice is when price breaks below the Ice on increasing volume, confirming distribution.","Strategy Development"
"How do multiple timeframes work in Wyckoff?","Larger timeframes provide context while smaller timeframes provide entry opportunities.","Strategy Development"
"Why analyze multiple timeframes?","Multiple timeframes help ensure trades align with the larger trend while timing entries precisely.","Strategy Development"
"How does Wyckoff apply to different markets?","Wyckoff principles apply to any freely traded market with institutional participation - stocks, commodities, forex, crypto.","Strategy Development"
"What makes Wyckoff methodology universal?","The methodology is based on universal supply and demand principles that govern all market behavior.","Strategy Development"
"How has Wyckoff methodology evolved?","The methodology has been enhanced with tools like volume profile while maintaining core principles.","Strategy Development"
"What is Volume Profile in modern Wyckoff?","Volume Profile shows volume traded at each price level, helping identify high-volume nodes and value areas.","Strategy Development"
"How does Order Flow complement Wyckoff?","Order flow provides real-time insight into buying and selling pressure, confirming Wyckoff readings.","Strategy Development"
"What is the relationship between Wyckoff and auction market theory?","Both recognize that markets facilitate trading between buyers and sellers, seeking equilibrium through price discovery.","Strategy Development"
"How do institutions actually accumulate stock?","Institutions accumulate through algorithmic trading, dark pools, and patient buying over extended periods.","Strategy Development"
"How do institutions actually distribute stock?","Institutions distribute by selling into strength, using news events, and carefully managing selling pace.","Strategy Development"
"What is the role of market makers in Wyckoff?","Market makers provide liquidity but can also position for directional moves, participating in accumulation/distribution.","Strategy Development"
"How does high-frequency trading affect Wyckoff analysis?","HFT affects short-term noise but doesn't change the fundamental supply/demand dynamics Wyckoff analyzes.","Strategy Development"
"What is the relationship between price and value?","Price fluctuates around value; Wyckoff identifies when price diverges from value due to emotional extremes.","Strategy Development"
"How does Wyckoff differ from other technical methods?","Wyckoff focuses on understanding cause rather than just identifying patterns, providing deeper market insight.","Strategy Development"
"What is the most important Wyckoff concept?","Understanding that all market behavior reflects the battle between supply and demand, driven by informed operators.","Strategy Development"
"How long does it take to learn Wyckoff?","Learning Wyckoff requires considerable practice, but the effort is rewarded with deeper market understanding.","Strategy Development"
"What practice is needed to master Wyckoff?","Practice requires studying historical charts, real-time analysis, and maintaining detailed trade journals.","Strategy Development"
"What books help learn Wyckoff?","Key books include Wyckoff's original course, Hank Pruden's work, and Rubén Villahermosa's methodology books.","Strategy Development"
"What resources exist for learning Wyckoff?","Resources include Wyckoff Analytics courses, StockCharts education, and numerous online communities.","Strategy Development"
"How should beginners approach Wyckoff?","Beginners should start with the fundamental laws, then learn events and phases before attempting to trade.","Strategy Development"
"What common mistakes do Wyckoff traders make?","Common mistakes include forcing interpretations, trading too early, and not waiting for confirmation.","Strategy Development"
"How do experienced Wyckoff traders differ from beginners?","Experienced traders have internalized the principles and can read market structure quickly and accurately.","Strategy Development"
"What makes a successful Wyckoff trader?","Success requires deep understanding, patience, discipline, and ability to adapt analysis to changing conditions.","Strategy Development"
"How does Wyckoff methodology provide edge?","The edge comes from understanding institutional behavior while most traders react emotionally to price.","Strategy Development"
"Why do Wyckoff setups work?","Setups work because they identify where institutional positioning creates predictable price movements.","Strategy Development"
"What is the hit rate of Wyckoff setups?","Hit rate depends on trader skill, but well-identified setups with proper risk management can be highly profitable.","Strategy Development"
"How does context affect Wyckoff trading?","Context is crucial - the same pattern means different things depending on where it occurs in the larger structure.","Strategy Development"
"What is meant by 'trading in harmony'?","Trading in harmony means aligning positions with the direction that large operators are pushing prices.","Strategy Development"
"How do traders avoid fighting the Composite Man?","By identifying accumulation/distribution and positioning with the anticipated direction rather than against it.","Strategy Development"
"What is the Creek in Wyckoff terminology?","The Creek is the resistance level in accumulation formed by the Automatic Rally high and subsequent highs during Phase B. Breaking above the Creek signals strength.","Strategy Development"
"What is the Ice in Wyckoff terminology?","The Ice is the support level in distribution formed by the Automatic Reaction low and subsequent lows during Phase B. Breaking below the Ice signals weakness.","Strategy Development"
"What is a Shakeout in Wyckoff methodology?","A Shakeout is a sharp decline that removes weak holders from positions, often occurring in Phase C as a final test before markup begins.","Strategy Development"
"What is Terminal Shakeout?","A Terminal Shakeout (TSO) is a severe spring that penetrates support deeply before reversing sharply, indicating strong accumulation.","Strategy Development"
"What is an Upthrust Action (UA)?","An Upthrust Action is a temporary breakout above resistance that fails and returns to the range, testing buying interest at highs.","Strategy Development"
"What is Secondary Test as Sign of Weakness (ST as SOW)?","This occurs when a test of support during distribution shows signs of weakness, suggesting sellers are gaining control.","Strategy Development"
"What are minor and major structures?","Major structures are large-scale accumulation/distribution patterns; minor structures occur within larger patterns as stepping stones.","Strategy Development"
"How do stepping stones work in trends?","Stepping stones are small reaccumulation or redistribution patterns that form during trends, providing continuation opportunities.","Strategy Development"
"What is the relationship between time and cause?","The longer price spends building cause in a trading range, the larger the subsequent price movement will be.","Strategy Development"
"How do traders count cause in Point and Figure?","Traders count horizontal boxes in the trading range and multiply by box size and reversal amount to project targets.","Strategy Development"
"What is the Buying Tests checklist?","Nine tests that assess whether accumulation is complete: downside objective, PS, SC, ST, bullish activity, supply diminishing, breakout, etc.","Strategy Development"
"What is the Selling Tests checklist?","Nine tests that assess whether distribution is complete: upside objective, PS, BC, ST, bearish activity, demand diminishing, breakdown, etc.","Strategy Development"
"How does comparative strength help stock selection?","Comparing stock performance to market indices identifies leaders (outperform) and laggards (underperform) for directional trades.","Strategy Development"
"What is relative strength in Wyckoff context?","Relative strength measures how a stock performs compared to the market or sector, identifying stronger and weaker candidates.","Strategy Development"
"How do traders use sector analysis with Wyckoff?","Analyze sector position first, then select stocks within strong sectors for longs or weak sectors for shorts.","Strategy Development"
"What is the significance of widening spreads?","Widening price spreads indicate increased volatility and potentially climactic activity or trend acceleration.","Strategy Development"
"What is the significance of narrowing spreads?","Narrowing spreads suggest decreasing volatility and potentially the end of a trend or building of cause.","Strategy Development"
"How does bar analysis support Wyckoff?","Analyzing individual bars' range, close position, and volume helps confirm or question larger structural interpretations.","Strategy Development"
"What is a no-demand bar?","A narrow-range bar closing in the middle or lower portion with low volume, indicating lack of buying interest.","Strategy Development"
"What is a no-supply bar?","A narrow-range bar closing in the middle or upper portion with low volume, indicating lack of selling pressure.","Strategy Development"
"What is an upthrust bar?","A bar that closes near its low after testing higher prices, indicating selling pressure entering the market.","Strategy Development"
"What is a spring bar?","A bar that closes near its high after testing lower prices, indicating buying pressure entering the market.","Strategy Development"
"How do gaps fit into Wyckoff analysis?","Gaps can signal climax activity, continuation of trend, or exhaustion depending on location and volume context.","Strategy Development"
"What is a breakaway gap?","A gap that occurs on a breakout from a trading range, often with high volume, signaling start of new trend.","Strategy Development"
"What is an exhaustion gap?","A gap that occurs late in a trend, often signaling climax activity and potential reversal.","Strategy Development"
"How do traders handle opening gaps?","Analyze whether the gap is being filled or continuing, and whether it aligns with structure analysis.","Strategy Development"
"What is the morning routine for Wyckoff traders?","Review overnight developments, assess market structure, identify potential setups, and plan the day's trading.","Strategy Development"
"How do traders prepare trade plans?","Define entry criteria, stop placement, position size, and profit targets before market opens.","Strategy Development"
"What is pre-market analysis?","Analysis done before market opens to assess overnight developments and prepare for the trading session.","Strategy Development"
"What is end-of-day analysis?","Review of the day's action, comparison to expectations, and preparation for the next session.","Strategy Development"
"How does weekly analysis fit in?","Weekly analysis provides the larger context, identifying major structures and trends.","Strategy Development"
"What is the role of monthly charts?","Monthly charts show the largest structures and help identify major accumulation and distribution.","Strategy Development"
"How do traders balance analysis across timeframes?","Start with larger timeframes for context, move to smaller timeframes for entry timing.","Strategy Development"
"What is the confirmation process?","Waiting for multiple pieces of evidence to confirm a thesis before acting.","Strategy Development"
"How many confirmations are needed?","At least 2-3 confirming factors increase probability of success.","Strategy Development"
"What contradicts accumulation analysis?","Failed springs, inability to hold support, and weak volume patterns contradict bullish thesis.","Strategy Development"
"What contradicts distribution analysis?","Failed upthrusts, inability to hold resistance, and strong volume patterns contradict bearish thesis.","Strategy Development"
"How do traders handle conflicting signals?","When signals conflict, wait for resolution before acting or reduce position size significantly.","Strategy Development"
"What is the role of market internals?","Breadth and advance/decline data can confirm or question individual stock analysis.","Strategy Development"
"How do sectors lead or lag the market?","Certain sectors lead market turns; watching sector behavior helps confirm market analysis.","Strategy Development"
"What is intermarket analysis?","Analyzing relationships between markets (bonds, currencies, commodities) for confirmation.","Strategy Development"
"How does bond market affect stocks?","Bond market movements can signal risk appetite changes that affect stock market behavior.","Strategy Development"
"How does currency affect stock analysis?","Currency movements can affect multinational stocks and provide macro context.","Strategy Development"
"What is the role of commodities?","Commodity movements can signal inflation expectations and affect related stocks.","Strategy Development"
"How do traders stay updated on methodology?","Through continuous education, reading, and connection with other Wyckoff practitioners.","Strategy Development"
"What is the Stock Market Institute's role today?","The Institute's successor organizations continue teaching Wyckoff methodology to new generations.","Strategy Development"
"What is Wyckoff Analytics?","An educational organization dedicated to teaching and developing Wyckoff methodology.","Strategy Development"
"How has StockCharts contributed?","StockCharts has provided educational resources and charting tools supporting Wyckoff analysis.","Strategy Development"
"What is the role of trading simulators?","Simulators allow practice of Wyckoff analysis without risking capital.","Strategy Development"
"How should paper trading be used?","Paper trade until consistently profitable before risking real capital.","Strategy Development"
"How does Wyckoff identify when accumulation is beginning?","Wyckoff identifies the start of accumulation when a downtrend loses momentum, price enters a trading range, and volume patterns shift from panic selling to absorption, indicating smart money is quietly buying.","Timing"
"What signals indicate accumulation is in its early stages versus late stages?","Early accumulation shows erratic price action with high volume selling climaxes, while late accumulation displays narrowing price ranges, successful tests on low volume, and springs that shake out remaining weak holders before markup begins.","Timing"
"How long does Wyckoff typically observe an accumulation pattern before considering entry?","Wyckoff observes accumulation for weeks to months, ensuring the pattern develops fully with multiple tests of support, diminishing selling pressure, and clear signs that supply has been absorbed before entering.","Timing"
"What is a Preliminary Support (PS) and how does it affect entry timing?","Preliminary Support is the first indication that selling pressure is being absorbed after a downtrend. While it signals accumulation may be starting, Wyckoff waits for further confirmation through Selling Climax and tests before entering.","Timing"
"What is a Selling Climax (SC) and should Wyckoff enter immediately after seeing one?","A Selling Climax is a period of intense panic selling on extremely high volume that exhausts sellers. Wyckoff does not enter immediately, as he waits for the Automatic Rally and subsequent tests to confirm accumulation is underway.","Timing"
"What is an Automatic Rally (AR) and what does it tell Wyckoff about timing?","An Automatic Rally is the sharp rebound after a Selling Climax. It shows the extent of buyer interest, but Wyckoff waits for a Secondary Test to see if supply has truly been absorbed before timing his entry.","Timing"
"What is a Secondary Test (ST) and why is it important for entry timing?","A Secondary Test occurs when price returns to the Selling Climax area on lower volume. Successful tests with reduced volume and narrow spreads confirm sellers are exhausted, bringing Wyckoff closer to entry timing.","Timing"
"How many tests of support does Wyckoff prefer to see before entering?","Wyckoff prefers to see multiple tests (typically 3-5) of the support level, each on progressively lower volume with narrow price spreads, confirming that all available supply has been absorbed by institutional buyers.","Timing"
"What does absorption of supply mean and how does it guide timing?","Absorption of supply means all available sellers at lower prices have been exhausted as institutions quietly buy. Wyckoff times entries after this absorption is confirmed through successful low-volume tests of support.","Timing"
"How does Wyckoff distinguish between accumulation and a continuation of the downtrend?","He distinguishes by analyzing volume and price action: accumulation shows declining volume on down moves with price holding support, while downtrend continuation shows expanding volume on declines breaking through support levels.","Timing"
"What is a test in the middle of the range and what does it signal for timing?","A test in the middle of the range on low volume indicates that even at higher prices within the accumulation zone, there's no significant supply. This strengthens the case that accumulation is maturing and entry timing is approaching.","Timing"
"How does the width of the accumulation trading range affect Wyckoff's timing decisions?","Wider trading ranges typically indicate more significant accumulation and potentially larger subsequent moves. Wyckoff may wait longer for wider ranges to fully develop, as they often produce more reliable and profitable markup phases.","Timing"
"What role does the Cause play in Wyckoff's entry timing?","The Cause is the amount of accumulation (time and volume) that builds potential energy for the subsequent move. A larger Cause suggests a bigger Effect, so Wyckoff times entries after sufficient Cause has been built for worthwhile targets.","Timing"
"How does Wyckoff time entries when accumulation occurs within a larger uptrend?","He identifies the accumulation as a re-accumulation or consolidation within the uptrend. Entry timing is similar but often faster, as the overall bullish context reduces the need for extended testing before the trend resumes.","Timing"
"What is a backup to the edge of the Creek and how does it influence timing?","A backup to the edge of the Creek is a pullback to support after initial strength. It provides a lower-risk entry point as it represents the last opportunity to enter near support before the markup phase accelerates.","Timing"
"How does Wyckoff use the law of effort vs result during accumulation to time entries?","He observes if large volume (effort) produces small price movement (result) at lows, indicating absorption. When effort no longer produces downward results, accumulation is confirmed and entry timing is validated.","Timing"
"What happens if price breaks below the accumulation support before the spring occurs?","If price breaks support on high volume with wide spreads rather than a quick false breakdown, the accumulation pattern is invalidated. Wyckoff does not enter and waits for a new pattern to develop.","Timing"
"How does sector or market-wide accumulation affect Wyckoff's timing for individual stocks?","When the broader market or sector shows accumulation simultaneously, it strengthens individual stock patterns. Wyckoff may time entries more confidently knowing institutional buying is widespread, increasing probability of success.","Timing"
"What is a Jump Across the Creek and what does it signal about entry timing?","A Jump Across the Creek is a powerful move that clears the entire trading range on strong volume. While it signals accumulation is complete, Wyckoff often prefers earlier entry at the spring or LPS rather than chasing after the jump.","Timing"
"How does Wyckoff time entries when accumulation patterns overlap with major support levels?","When accumulation occurs at significant historical support or round numbers, the pattern gains additional strength. Wyckoff may enter with higher conviction as these levels often attract more institutional interest.","Timing"
"What exactly is a spring in Wyckoff's methodology?","A spring is a false breakdown below the support level of an accumulation trading range that quickly reverses. It's designed to shake out weak holders and trap bears before institutional buyers drive prices higher.","Timing"
"Why does Wyckoff consider the spring an optimal entry point?","The spring provides low-risk entry because it represents the final liquidity grab before markup, offers a clear invalidation point (below the spring low) for stops, and typically precedes strong upward moves.","Timing"
"How can Wyckoff distinguish a genuine spring from a legitimate breakdown?","A genuine spring shows quick reversal back above support with increasing volume on the recovery, narrow price spread on the breakdown, and often occurs on relatively lower volume than previous selling events in the accumulation.","Timing"
"Should Wyckoff enter during the spring itself or wait for price to recover?","Most conservative timing waits for price to recover above the support level with confirming volume, though aggressive traders may enter during the spring at the false breakdown if volume characteristics confirm it's a trap.","Timing"
"What volume characteristics define a valid spring for entry timing?","A valid spring shows relatively low or climactic volume on the breakdown, followed by expanding volume as price reverses and moves back above support, indicating institutional buying is overwhelming trapped sellers.","Timing"
"Can accumulation patterns complete without a spring occurring?","Yes, not all accumulation patterns include springs. Some show gradual strengthening and break out without a false breakdown. Wyckoff times entries based on Sign of Strength and Last Point of Support in these cases.","Timing"
"What is a spring within a spring and how does it affect timing?","A spring within a spring is a smaller false breakdown within the larger spring pattern. It provides an even more refined entry point for aggressive traders but requires careful analysis to avoid catching a genuine failure.","Timing"
"How deep should a spring penetrate below support to be valid?","Springs typically penetrate 1-5% below support—enough to trigger stops and create fear, but not so deep that it suggests genuine distribution. Deeper penetrations require stronger reversal confirmation before entry.","Timing"
"What happens if Wyckoff misses the initial entry at the spring?","He waits patiently for the Last Point of Support (LPS)—a pullback after the Sign of Strength—which provides a second entry opportunity with the accumulation pattern still intact.","Timing"
"How does Wyckoff time entries when multiple springs occur in succession?","Multiple springs can occur as institutions test for remaining supply. Wyckoff observes each for decreasing volume and faster reversals, entering after the spring that shows the cleanest absorption and strongest bounce.","Timing"
"What role does the shakeout play in Wyckoff's entry timing at springs?","The shakeout (spring) deliberately triggers stop losses of weak holders, providing liquidity for institutions to accumulate final positions. Wyckoff times entries as the shakeout reverses, taking the opposite side of panicked sellers.","Timing"
"Should Wyckoff enter if the spring occurs on extremely high volume?","Extremely high volume on a spring requires caution—it may indicate genuine selling pressure rather than a controlled shakeout. Wyckoff waits for the reversal to be equally strong on high volume before entering.","Timing"
"How does the speed of recovery from a spring affect entry timing?","Faster, more vigorous recoveries on expanding volume indicate stronger institutional buying and provide more confidence for immediate entry. Slow, grinding recoveries may warrant waiting for additional confirmation.","Timing"
"What is a terminal shakeout and why is it significant for timing?","A terminal shakeout is the final spring before markup begins. It represents the last opportunity for low-risk entry as it exhausts all remaining sellers and clears the way for the substantial markup phase.","Timing"
"How long after a spring should Wyckoff expect the Sign of Strength to appear?","The Sign of Strength typically appears within days to a few weeks after a spring. If too much time passes without upward momentum, the accumulation pattern may need more development before entry.","Timing"
"What is a Sign of Strength (SOS) in Wyckoff's method?","A Sign of Strength is a decisive upward price move on expanding volume that breaks through the resistance level of the accumulation trading range, signaling that institutional buying is overwhelming supply and markup is beginning.","Timing"
"Why is the SOS critical for confirming entry timing?","The SOS confirms that accumulation is complete and demand has overcome supply. It validates earlier analysis and signals the shift from the consolidation phase to the markup phase, confirming the timing is right for positions.","Timing"
"What volume characteristics must accompany an SOS for valid entry timing?","A valid SOS shows volume expanding significantly above recent average levels as price breaks resistance. The increased volume confirms institutional participation rather than a false breakout that would trap buyers.","Timing"
"How does Wyckoff distinguish between a genuine SOS and a false breakout?","A genuine SOS maintains momentum after breaking resistance, holds above the breakout level on pullbacks, and shows continuing strong volume. False breakouts quickly reverse below resistance on declining interest.","Timing"
"Should Wyckoff enter immediately when the SOS appears or wait?","Conservative timing waits for a Last Point of Support after the SOS—a pullback that tests the breakout level—providing lower-risk entry. Aggressive traders may enter during the SOS itself if volume confirms strongly.","Timing"
"What is the ideal price spread (range) during an SOS?","An ideal SOS shows a wide price spread with a strong close near the high of the period, demonstrating powerful buying pressure. Narrow spreads despite high volume may indicate resistance and warrant caution before entering.","Timing"
"How many consecutive periods of strength constitute a valid SOS?","While a single powerful period can constitute an SOS, Wyckoff prefers to see 2-3 consecutive periods of strength with expanding volume, confirming sustained institutional buying rather than a temporary surge.","Timing"
"What does it mean if an SOS occurs but volume is lower than expected?","Lower volume on an SOS raises concerns about the move's sustainability. Wyckoff either waits for volume to expand on continuation or seeks additional confirmation before committing capital, as weak volume suggests limited participation.","Timing"
"How does Wyckoff time entries when the SOS occurs with a large gap up?","Large gaps show strong demand but may offer limited immediate entry opportunities. Wyckoff typically waits for the gap to fill partially (creating an LPS) or for consolidation above the gap before entering at better risk-reward levels.","Timing"
"What role does resistance level strength play in SOS timing?","The stronger and more tested the resistance level, the more significant the SOS when it breaks through. Breaking well-established resistance on strong volume provides higher-conviction timing for entries.","Timing"
"Can multiple SOS attempts occur before accumulation completes?","Yes, failed SOS attempts where price cannot sustain above resistance indicate accumulation needs more time. True entry timing comes after the SOS that successfully holds above resistance and doesn't reverse.","Timing"
"How does Wyckoff use price action after the SOS to refine timing?","He observes whether price remains above the breakout level, whether pullbacks are shallow and on low volume, and whether subsequent rallies show continuation. These confirm the SOS validity and support holding or adding to positions.","Timing"
"What is a backup after the SOS and how is it used for timing?","A backup (also called Last Point of Support) is a natural pullback after the initial SOS surge. It provides the optimal timing for entry, as it offers a lower-risk entry point while the accumulation pattern remains valid.","Timing"
"How does sector rotation affect SOS timing in individual stocks?","When institutional money rotates into a sector, multiple stocks may show SOS simultaneously. Wyckoff times entries knowing broader sector strength increases probability of sustained markup in individual positions.","Timing"
"What does Wyckoff do if price immediately reverses after an SOS?","An immediate reversal suggests the SOS was false and accumulation may not be complete. Wyckoff exits or avoids entry, waiting for price to re-establish the accumulation pattern and produce a new, more convincing SOS.","Timing"
"What is a Last Point of Support (LPS) in Wyckoff's methodology?","The LPS is a pullback to support after a Sign of Strength breaks out of accumulation. It represents the last opportunity to enter at favorable prices before the markup phase accelerates significantly.","Timing"
"Why does Wyckoff consider the LPS the optimal low-risk entry point?","The LPS offers entry near support with a clear stop level below, favorable risk-reward ratio, and confirmation that accumulation is complete through the prior SOS, making it the sweet spot for conservative entry timing.","Timing"
"How does Wyckoff identify a valid LPS versus a failed breakout?","A valid LPS shows reduced volume on the pullback, holds above the prior resistance-turned-support, and quickly resumes upward movement. Failed breakouts show increasing volume on the decline and break back into the trading range.","Timing"
"What volume pattern should appear during an LPS?","Volume should decline notably during the LPS pullback compared to the SOS, indicating minimal selling pressure. When price resumes higher from the LPS, volume should expand again, confirming renewed buying interest.","Timing"
"How deep should an LPS pullback be for optimal entry timing?","Ideal LPS pullbacks retrace 30-50% of the SOS move, testing the breakout level without breaking back into the accumulation range. Deeper pullbacks require more scrutiny to ensure the pattern hasn't failed.","Timing"
"Can multiple LPS formations occur before the markup phase fully develops?","Yes, multiple LPS can form as price consolidates and builds energy for the next leg up. Each successful LPS on declining volume provides additional entry or add-on opportunities with the trend intact.","Timing"
"What happens if Wyckoff enters at an LPS but price breaks below it?","If price breaks below the LPS and re-enters the accumulation range, the pattern is invalidated. Wyckoff exits at his predetermined stop below the LPS to limit losses, as the accumulation thesis is now questionable.","Timing"
"How long after the SOS should Wyckoff expect the LPS to form?","The LPS typically forms within days to 2-3 weeks after the SOS. If no pullback occurs and price continues strongly higher, Wyckoff may have missed the optimal entry but the accumulation remains valid.","Timing"
"Should Wyckoff enter during the LPS decline or wait for resumption upward?","Conservative timing waits for signs that the LPS is holding—price stabilizing, volume declining, or initial bounce occurring. More aggressive traders enter during the decline if volume characteristics confirm it's a pullback not a reversal.","Timing"
"How does Wyckoff use multiple timeframes to identify LPS timing?","He confirms the LPS on daily charts for position entry, but may use intraday charts (hourly/4-hour) to fine-tune exact entry points within the LPS, entering when shorter-term support holds.","Timing"
"What role does the former resistance level play in LPS timing?","The former resistance level becomes support during the LPS. Wyckoff times entries when price successfully tests this level, as it confirms the polarity change from resistance to support and validates the accumulation breakout.","Timing"
"How does Wyckoff differentiate an LPS from a return to accumulation?","An LPS holds above the breakout level on low volume and quickly rebounds. A return to accumulation breaks back into the range on increasing volume, indicating the SOS failed and more consolidation is needed.","Timing"
"What technical indicators might confirm LPS timing for Wyckoff traders?","While Wyckoff relied primarily on price and volume, modern traders might look for RSI remaining above 40-50 during LPS, moving averages holding as support, or momentum indicators staying positive to confirm the pullback is healthy.","Timing"
"Can an LPS form without a clear pullback occurring?","Sometimes price pauses sideways rather than pulling back, creating a lateral LPS through time rather than price. Wyckoff times entries as this consolidation completes and price resumes upward on increasing volume.","Timing"
"How does Wyckoff manage timing if he misses both the spring and the LPS?","If both optimal entry points are missed, Wyckoff waits patiently for the next consolidation or re-accumulation pattern during the markup phase, rather than chasing price and accepting poor risk-reward ratios.","Timing"
"How does Wyckoff identify when distribution is beginning?","Wyckoff identifies distribution when an uptrend loses momentum, price enters a trading range near highs, and volume patterns shift to selling on rallies and reduced volume on advances, indicating smart money is distributing shares.","Timing"
"What is Preliminary Supply (PSY) and how does it affect exit timing?","Preliminary Supply is the first indication that supply is entering the market after an uptrend. While it warns distribution may begin, Wyckoff tightens stops rather than exiting immediately, waiting for further confirmation.","Timing"
"What is a Buying Climax (BC) and should Wyckoff exit immediately upon seeing one?","A Buying Climax is a period of intense buying euphoria on high volume near price peaks. Wyckoff begins preparing to exit but often waits for the Automatic Reaction and subsequent rally to confirm distribution is underway.","Timing"
"What is an Automatic Reaction (AR) in distribution and what does it signal for timing?","An Automatic Reaction is the sharp decline after a Buying Climax. It shows the extent of selling pressure, prompting Wyckoff to tighten stops significantly and prepare for exit on any rally back toward the highs.","Timing"
"What is a Secondary Test of supply and why is it important for exit timing?","A Secondary Test occurs when price rallies back toward the Buying Climax area on lower volume. If it fails to exceed the highs and shows weakness, it confirms distribution is underway and triggers Wyckoff's exit.","Timing"
"How many failed rally attempts does Wyckoff observe before exiting?","Wyckoff typically observes 2-3 failed rally attempts that cannot exceed prior highs on declining volume. Each failure confirms distribution and increases urgency to exit remaining positions before the markdown phase begins.","Timing"
"What does distribution of supply mean and how does it guide exit timing?","Distribution of supply means institutions are systematically selling their positions to eager buyers at elevated prices. Wyckoff times exits as this becomes evident through repeated failures at resistance and declining volume on rallies.","Timing"
"How does Wyckoff distinguish between distribution and a consolidation before continuation higher?","Distribution shows increasing volume on declines and decreasing volume on rallies, with failed attempts to exceed highs. Consolidation shows opposite patterns—low volume on dips and expanding volume on breakouts to new highs.","Timing"
"What is an Upthrust (UT) and why is it a critical exit signal?","An Upthrust is a false breakout above resistance that quickly fails and reverses. It traps late buyers and signals distribution is advanced, prompting Wyckoff to exit all remaining long positions immediately.","Timing"
"How does the width of the distribution trading range affect Wyckoff's exit timing?","Wider distribution ranges typically indicate more significant selling and potentially larger subsequent declines. Wyckoff may exit earlier or more aggressively when recognizing a wide distribution pattern forming.","Timing"
"What role does the Effect play in Wyckoff's exit timing during distribution?","The Effect is the potential decline magnitude based on the amount of distribution (Cause). A larger distribution Cause suggests a bigger downside Effect, motivating Wyckoff to exit completely rather than holding through it.","Timing"
"How does Wyckoff time exits when distribution occurs within a larger downtrend?","If distribution occurs as a re-distribution or bounce within a downtrend, Wyckoff exits more quickly, as the overall bearish context means the markdown phase will likely resume swiftly with limited rally opportunities.","Timing"
"What is an Upthrust After Distribution (UTAD) and how does it finalize exit timing?","An UTAD is a final false breakout above the distribution range that traps the last buyers before markdown begins. It's often the final warning sign, and Wyckoff ensures all positions are exited if not already out.","Timing"
"How does Wyckoff use the law of effort vs result during distribution to time exits?","He observes if large volume (effort) on rallies produces small upward movement (result), indicating selling pressure. When effort no longer produces upward results, distribution is confirmed and exit timing is critical.","Timing"
"What happens if price breaks above the distribution resistance unexpectedly?","If price breaks above resistance on genuinely expanding volume with strong closes, the distribution pattern may have failed and re-accumulation occurred. Wyckoff re-evaluates whether to re-enter rather than maintain exit stance.","Timing"
"What is a Sign of Weakness (SOW) in Wyckoff's method?","A Sign of Weakness is a decisive downward price move on expanding volume that breaks through the support level of the distribution trading range, signaling that institutional selling is overwhelming demand and markdown is beginning.","Timing"
"Why is the SOW critical for confirming exit timing?","The SOW confirms that distribution is complete and supply has overwhelmed demand. It validates the decision to exit long positions and signals that remaining holdouts should exit immediately to avoid the markdown phase.","Timing"
"What volume characteristics must accompany a SOW for valid exit confirmation?","A valid SOW shows volume expanding significantly above recent averages as price breaks support. The increased volume confirms institutional selling rather than a temporary dip that would quickly recover.","Timing"
"Should Wyckoff exit before the SOW appears or wait for confirmation?","Ideally, Wyckoff exits during distribution signals (Upthrusts, failing rallies) before the SOW. Waiting for the SOW means accepting losses during the initial markdown decline, making earlier exit timing preferable.","Timing"
"How does Wyckoff distinguish between a genuine SOW and a false breakdown during distribution?","A genuine SOW maintains downward momentum after breaking support, continues showing strong selling volume, and rallies fail below the broken support level. False breakdowns quickly recover above support on declining volume.","Timing"
"What is the ideal price spread during a SOW?","An ideal SOW shows a wide price spread with a close near the low of the period, demonstrating powerful selling pressure. Narrow spreads despite high volume may indicate support nearby and potential for recovery.","Timing"
"What does Wyckoff do if a SOW occurs while he still holds long positions?","He exits immediately at market if still holding positions when a SOW breaks support. The SOW confirms distribution is complete and continuing to hold exposes capital to significant markdown phase losses.","Timing"
"How does Wyckoff use price action after the SOW for short entry timing?","After the SOW breaks support, he watches for rallies back toward the broken support level that fail (Last Point of Supply). These failed rallies provide low-risk entry points for short positions in the markdown phase.","Timing"
"Can multiple SOW attempts occur before distribution completes?","Failed SOW attempts where price cannot sustain below support indicate distribution needs more time. The true exit signal comes when the SOW successfully breaks and holds below support without recovering.","Timing"
"How does sector weakness affect SOW timing in individual stocks?","When institutional money exits a sector, multiple stocks may show SOW simultaneously. This sector-wide distribution increases confidence in individual stock exit timing and suggests markdown phases will be severe.","Timing"
"What is a Last Point of Supply (LPSY) in Wyckoff's methodology?","The LPSY is a rally attempt after a Sign of Weakness breaks down from distribution. It represents the last opportunity to exit longs at better prices or to enter short positions before the markdown phase accelerates.","Timing"
"Why does Wyckoff consider the LPSY an optimal point for short entry timing?","The LPSY offers short entry near resistance (former support) with a clear stop level above, favorable risk-reward ratio, and confirmation that distribution is complete through the prior SOW, making it ideal for short positions.","Timing"
"How does Wyckoff identify a valid LPSY versus a genuine recovery rally?","A valid LPSY shows reduced volume on the rally, fails below the prior support-turned-resistance, and quickly resumes downward. Genuine recoveries show increasing volume on rallies and break back above the distribution range.","Timing"
"What volume pattern should appear during an LPSY?","Volume should decline during the LPSY rally compared to the SOW, indicating minimal buying pressure. When price resumes lower from the LPSY, volume should expand again, confirming renewed selling interest.","Timing"
"How high should an LPSY rally reach for optimal short entry timing?","Ideal LPSY rallies retrace 30-50% of the SOW decline, testing the breakdown level without breaking back into the distribution range. Higher retracements require scrutiny to ensure the breakdown pattern hasn't failed.","Timing"
"Can multiple LPSY formations occur during the markdown phase?","Yes, multiple LPSY can form as price consolidates during decline. Each failed rally on declining volume provides additional short entry or add-on opportunities as the markdown trend remains intact.","Timing"
"Should Wyckoff short during the LPSY rally or wait for resumption downward?","Conservative timing waits for signs the LPSY is failing—price stalling, volume declining, or initial rollover occurring. Aggressive traders short during the rally if volume characteristics confirm it's a dead-cat bounce.","Timing"
"How does Wyckoff use the former support level during LPSY timing?","The former support level becomes resistance during the LPSY. Wyckoff times short entries when price fails at this level, as it confirms the polarity change from support to resistance and validates the distribution breakdown.","Timing"
"What happens if price breaks above the LPSY and re-enters the distribution range?","If price breaks above the LPSY back into the distribution range, the breakdown pattern is invalidated. Wyckoff covers shorts at predetermined stops above the LPSY, as the distribution thesis is now questionable.","Timing"
"How does Wyckoff manage timing if distribution signs are present but no clear LPSY forms?","If distribution is evident but price falls rapidly without rallies, Wyckoff may have exited during earlier distribution signals. He avoids chasing the decline and waits for the next consolidation to assess re-entry timing for shorts.","Timing"
"When does Phase A actually begin and how should timing decisions differ from Phase B?","Phase A begins when the prior trend shows its first signs of exhaustion through Preliminary Support or Preliminary Supply. Timing in Phase A focuses on identifying the stopping action, while Phase B requires patience as institutions build their positions over weeks or months before any entry should be considered.","Timing"
"How does the Automatic Rally help determine timing for the rest of the accumulation structure?","The Automatic Rally establishes the upper boundary of the trading range and provides a reference point for timing. Its height indicates initial buying interest, and subsequent rallies that fail to reach this level suggest weakening demand, while rallies exceeding it signal potential strength for timing entries.","Timing"
"What makes the Secondary Test so important for confirming entry timing after a Selling Climax?","The Secondary Test confirms whether the Selling Climax successfully exhausted supply. A successful ST shows lower volume and narrower spread than the SC, validating that panic selling has subsided. Without this confirmation, entering after the SC alone is premature and risky.","Timing"
"How does Wyckoff differentiate between a premature entry in Phase B versus a well-timed entry in Phase C?","Phase B entries are premature because the cause is still building and supply hasn't been fully absorbed. Phase C provides confirmation through springs or tests that supply is exhausted. Well-timed Phase C entries offer better risk-reward because the shakeout has already occurred.","Timing"
"What volume patterns during Phase B suggest that accumulation is progressing and timing is improving?","Decreasing volume on downswings within Phase B indicates sellers are becoming exhausted. When rallies begin showing relatively stronger volume than reactions, it suggests absorption is progressing. These patterns indicate timing for Phase C is approaching.","Timing"
"How does the Creek concept help with timing the breakout from accumulation?","The Creek represents the resistance level formed by AR and Phase B highs. Timing improves when price tests this level with increasing volume on rallies. The Jump Across the Creek on strong volume confirms accumulation is complete, though optimal entry often occurs at the preceding LPS.","Timing"
"When should a trader start watching for a potential Spring based on the structure development?","Watch for Springs after Phase B has developed sufficiently with multiple tests of support showing decreasing volume. When price begins contracting near support with diminishing volatility, conditions favor a Spring. The longer Phase B develops, the more likely a Spring will provide good timing.","Timing"
"How does Wyckoff use the concept of shortening of the thrust to time entries?","Shortening of thrust occurs when successive rallies or declines cover less distance despite similar or greater effort. In accumulation, shortening downward thrusts near support signal seller exhaustion, improving entry timing. In distribution, shortening upward thrusts signal buyer exhaustion.","Timing"
"What role does the trading range's duration play in timing the subsequent markup phase?","Longer trading ranges build larger causes, producing more significant effects. Wyckoff times entries knowing that a three-month accumulation typically produces a smaller move than a nine-month accumulation. Duration helps estimate potential targets and validates the timing of entry decisions.","Timing"
"How does the Ice concept in distribution mirror the Creek in accumulation for timing purposes?","The Ice represents support in distribution, formed by AR and Phase B lows. Breaking the Ice on a Sign of Weakness signals distribution is complete. Timing short entries at the LPSY rally back to broken Ice provides favorable risk-reward, just as BUEC provides entry timing in accumulation.","Timing"
"What distinguishes a Type 1 Spring from a Type 3 Spring in terms of entry timing?","Type 1 Springs show heavy volume and deep penetration, requiring a successful test before entry. Type 2 Springs show moderate volume and penetration with quicker recovery, allowing earlier entry. Type 3 Springs barely penetrate support on low volume, offering immediate entry opportunity with tight stops.","Timing"
"How should timing differ when accumulation occurs on a sloping versus horizontal trading range?","Upward-sloping ranges suggest underlying strength, often producing quicker breakouts with less defined Springs. Timing can be more aggressive. Downward-sloping ranges suggest weakness requiring more confirmation, so timing should be more conservative with entries only after clear strength emerges.","Timing"
"What timing considerations apply when a minor structure forms within a major accumulation range?","Minor structures within major ranges often act as the final cause-building phase. Timing focuses on the minor structure's Spring or LPS as the actual entry point, while the major structure provides context. Entry at minor structure completion often precedes the major breakout.","Timing"
"How does Wyckoff time entries when the Spring occurs without reaching the Selling Climax low?","When Springs fail to reach SC lows, it indicates strong underlying demand supporting higher prices. Entry timing can be more aggressive since this demonstrates buyers won't allow prices to reach previous panic levels. The subsequent test confirms validity for final positioning.","Timing"
"What timing signals indicate that a Sign of Strength is genuine rather than a false breakout?","Genuine SOS shows expanding volume as price breaks through the Creek, with wide spread closes near the high. The subsequent reaction should be shallow with contracting volume. False breakouts show declining volume on the rally and fail to hold above resistance.","Timing"
"How does the Back Up to the Edge of the Creek provide timing for adding to positions?","The BUEC is the pullback after initial breakout that tests the former resistance as new support. It provides lower-risk timing for adding positions because breakout validity is confirmed while offering better entry prices. Volume should contract during BUEC and expand on the subsequent advance.","Timing"
"When does Wyckoff consider a trading range to be failed accumulation requiring revised timing?","Accumulation fails when a supposed Spring breaks down with expanding volume and wide spread, without recovery. Failed accumulation shifts timing from long entries to defensive positioning. Key signals include volume expanding on the breakdown and rally attempts showing progressively weaker volume.","Timing"
"How should timing adjust when multiple consecutive LPS points form during Phase D?","Multiple LPS points indicate strong demand supporting progressively higher lows. Each LPS offers an entry opportunity, with earlier entries providing better prices but less confirmation. Later LPS entries offer more certainty but worse prices. Timing depends on conviction and risk tolerance.","Timing"
"What timing implications does a Buying Climax that occurs without extreme volume have?","A Buying Climax without extreme volume, called Buying Exhaustion, suggests institutions were already distributing during the advance. This often leads to faster distribution completion, so timing for exits should be more urgent than with classic high-volume climaxes.","Timing"
"How does the appearance of an Upthrust in Phase B affect timing expectations for Phase C?","Upthrusts in Phase B indicate testing of overhead supply and often precede the Phase C test. Their appearance suggests the structure is maturing, improving timing outlook. However, multiple Upthrusts without progression may indicate extended Phase B requiring more patience.","Timing"
"What volume characteristics at the VPOC level help with timing decisions?","When price interacts with the Volume Point of Control and volume decreases, it suggests absorption at fair value. Timing improves when price breaks away from VPOC with expanding volume, confirming directional commitment. VPOC rejection with volume expansion signals timing for the opposite direction.","Timing"
"How does Wyckoff time entries when accumulation develops after a prolonged bear market?","After prolonged bear markets, accumulation typically takes longer as excessive supply must be absorbed. Timing patience is essential, often waiting six months or more for proper cause development. Climactic volume at historic lows provides better timing certainty than accumulation in mature uptrends.","Timing"
"What timing signals indicate the transition from Phase D to Phase E is imminent?","Phase D to E transition shows through consistent higher lows, decreasing volume on pullbacks, and price holding above the Creek. When LPS reactions become shallower and shorter in duration, the markup phase is imminent. Timing shifts from entry focus to position management.","Timing"
"How should timing differ for re-accumulation structures versus primary accumulation?","Re-accumulation within uptrends typically completes faster than primary accumulation after downtrends. Timing can be more aggressive since the larger trend provides context. The cause built is usually smaller, and Springs may be absent, requiring reliance on tests of support for timing.","Timing"
"What role does comparative strength analysis play in timing individual stock entries?","Stocks showing strength relative to the market during general weakness are prime candidates for earlier entry timing. When such stocks develop accumulation patterns, Wyckoff enters more aggressively because institutional interest is already evident through outperformance.","Timing"
"How does the number of tests in Phase B influence timing expectations for the Spring?","More Phase B tests typically indicate more thorough supply absorption, improving Spring reliability when it occurs. However, excessive tests without volume decrease may indicate weak hands haven't been shaken out, potentially requiring a more significant Spring before optimal timing arrives.","Timing"
"What timing adjustments are needed when distribution occurs rapidly after a vertical advance?","Rapid distribution following vertical advances often shows compressed Phase B and quick transition to markdown. Timing for exits must be accelerated as the entire distribution may complete in days rather than weeks. Volume divergences during the advance warn of imminent timing pressure.","Timing"
"How does Wyckoff use wave analysis to refine entry timing within established patterns?","Comparing successive wave volumes helps time entries precisely. When downward wave volume decreases while upward wave volume increases within accumulation, optimal timing approaches. This wave analysis within the structure confirms the shift in supply and demand balance.","Timing"
"What timing signals appear when a Terminal Shakeout occurs instead of a simple Spring?","Terminal Shakeouts show extreme volume with deep penetration below support, causing maximum panic. Recovery is usually swift and dramatic. Timing requires waiting for the shakeout to complete and initial recovery to confirm, as entering during the shakeout risks catching a failed pattern.","Timing"
"How does the relationship between price spread and volume help time entries during tests?","Narrow spread with low volume on tests indicates lack of selling pressure, confirming supply absorption. Wide spread with high volume on tests suggests supply remains, requiring more patience. This spread-volume relationship fine-tunes timing within the broader structural context.","Timing"
"When should timing shift from waiting for perfect setups to accepting good-enough entries?","Timing shifts when the larger market trend aligns with the individual pattern, when multiple timeframes confirm the setup, and when the cause built exceeds minimum requirements. Waiting for perfection may mean missing opportunities; good-enough timing accepts higher conviction over ideal price.","Timing"
"How does the Point and Figure count influence timing of profit targets during markup?","P&F counts from accumulation project price objectives that help time partial exits. As price approaches the first objective, timing shifts toward protecting profits. Stepping-stone confirmations during markup validate original timing and suggest continuation potential.","Timing"
"What timing considerations apply when the Spring test fails to hold above the Spring low?","Failed Spring tests, where price drops below the Spring low, invalidate the accumulation thesis. Timing must immediately shift defensive, exiting any long positions. The pattern may evolve into redistribution, requiring completely revised timing expectations for potential shorts.","Timing"
"How does sector rotation analysis complement individual stock timing decisions?","When a sector shows accumulation characteristics while individual stocks within it develop patterns, timing confidence increases. Sector leadership rotation into the target sector suggests institutional money flow, validating individual stock timing and improving probability of success.","Timing"
"What distinguishes proper timing for a Last Point of Support from premature entry?","Proper LPS timing shows: price above the Spring low, volume contracting on the pullback, narrow spread, and price holding above key support levels established during accumulation. Premature entry lacks these confirmations and risks catching a failed pattern developing into redistribution.","Timing"
"How should timing expectations adjust when accumulation forms at historical support levels?","Historical support levels often attract institutional buying, strengthening accumulation patterns formed there. Timing can be more confident when current accumulation aligns with proven value areas. Springs at such levels often provide excellent entry timing with clear invalidation points.","Timing"
"What volume divergences during Phase D suggest timing should become more aggressive?","When Phase D rallies show strong volume while reactions show light volume, timing should become aggressive. This demand dominance pattern confirms accumulation success. Additional positions can be timed to LPS events with confidence that the markup phase is underway.","Timing"
"How does Wyckoff time entries differently in fast-moving versus slow-developing markets?","Fast markets require quicker timing decisions with less confirmation. Slow markets allow waiting for ideal setups with full confirmation. Timing adjusts by compressing or expanding the observation period while maintaining the same structural requirements for validation.","Timing"
"What timing signals indicate a Creek jump is likely to succeed versus fail?","Successful Creek jumps show: prior volume decrease on tests, building momentum into the resistance, expanding volume on the breakout, and shallow pullback afterward. Failed jumps show declining volume on the breakout and quick reversal. Timing positions based on these characteristics.","Timing"
"How does the relationship between the Spring low and the Selling Climax low affect timing?","Springs stopping above SC lows indicate strong underlying demand and allow more aggressive timing. Springs penetrating below SC lows require the SC itself as the stop reference, offering less favorable risk-reward but potentially marking stronger shakeouts before significant moves.","Timing"
"What timing implications does a quick versus slow recovery from Spring have?","Quick Spring recovery with expanding volume confirms immediate demand response, allowing aggressive position timing. Slow recovery suggests cautious demand, requiring patience for confirmation through subsequent LPS before full positioning. Recovery speed reflects institutional urgency.","Timing"
"How should timing adapt when trading ranges show increasing volume overall during Phase B?","Increasing overall volume during Phase B suggests active absorption but incomplete supply exhaustion. Timing should remain patient as the pattern needs more development. Entry timing improves only when volume begins decreasing on reactions while maintaining or increasing on rallies.","Timing"
"What timing signals help identify when a Preliminary Support is genuine versus temporary?","Genuine PS shows: first significant volume increase after decline, closing well off lows, and subsequent price stability. Temporary bounces lack sustained volume and quickly fail. Timing based on PS validity determines whether to begin accumulation pattern monitoring.","Timing"
"How does the gap between Automatic Rally high and subsequent test highs affect timing?","Smaller gaps indicate stronger underlying conditions and allow more aggressive timing. Larger gaps suggest remaining supply overhead requiring more Phase B development. This gap measurement helps calibrate timing expectations for Spring arrival and eventual breakout.","Timing"
"What timing adjustments are needed for accumulation patterns in highly volatile stocks?","Highly volatile stocks may show larger Springs and more dramatic shakeouts, requiring wider stops and adjusted timing expectations. Entry timing should wait for volatility contraction within the pattern, using percentage-based rather than absolute price levels for confirmation.","Timing"
"How does Wyckoff time shorts differently using distribution patterns versus failed accumulation?","Distribution patterns allow methodical short timing through LPSY entries after confirmed breakdowns. Failed accumulation requires faster timing as the unexpected failure catches longs off-guard, potentially creating sharper declines. Failed patterns often move faster than completed ones.","Timing"
"What timing signals suggest a trading range is likely to resolve upward versus downward?","Upward resolution shows: declining volume on tests of support, Springs holding, rallies reaching range highs, and absorption evident at lows. Downward resolution shows opposite characteristics. These signals help time directional positioning before confirmed breakout.","Timing"
"How does the quality of the Selling Climax affect timing expectations for the entire accumulation?","High-quality SC with extreme volume and wide spread suggests maximum panic and thorough seller capitulation, potentially shortening accumulation time. Lower quality SC may extend Phase B as residual supply requires more absorption. Timing patience calibrates to SC quality.","Timing"
"What timing considerations apply when accumulation occurs during overall market distribution?","Counter-trend accumulation requires more patience and confirmation before timing entries. The hostile market environment may create multiple failed rallies before the individual stock's strength overcomes market weakness. Timing enters only with overwhelming pattern confirmation.","Timing"
"How should timing differ between first entries and add-on positions during Phase D?","First entries during Phase D should occur at the earliest confirmed LPS with full position sizing based on risk. Add-on positions at subsequent LPS points can use smaller size with tighter stops, as timing confirmation increases while remaining upside may decrease.","Timing"
"What volume patterns during the Sign of Strength validate aggressive timing for position building?","Valid SOS shows volume expanding progressively as price advances through resistance, with closes near highs. This confirms demand overwhelming supply and validates aggressive position building timing. Declining volume during apparent SOS warns against aggressive timing.","Timing"
"How does the time elapsed between Spring and subsequent SOS affect confidence in timing?","Short intervals between Spring and SOS indicate urgent institutional buying, increasing timing confidence. Extended intervals may suggest weak demand requiring more development. Ideal timing occurs when SOS follows within one to three weeks of a successful Spring test.","Timing"
"What timing signals help distinguish re-accumulation from distribution when both look similar?","Re-accumulation shows declining volume on reactions and appears within established uptrends. Distribution shows increasing volume on reactions within mature advances. Context and volume character help time entries for continuation versus exits for reversal.","Timing"
"How does Wyckoff time entries when multiple stocks show simultaneous Spring patterns?","Simultaneous Springs across multiple stocks suggest market-wide accumulation completion, increasing individual pattern reliability. Timing can be more aggressive with better position sizing when sector confirmation exists. Isolated Springs require more individual confirmation before timing entries.","Timing"
"What timing implications does a failed Secondary Test have for the accumulation pattern?","Failed ST dropping below SC low suggests the initial stopping action wasn't genuine. Timing must reset completely, treating the failed ST as a potential new SC. The pattern needs to develop again from Phase A, significantly extending timing expectations.","Timing"
"How does candle analysis refine timing within identified Wyckoff events?","Individual candles provide precision timing within events. Hammer candles at Spring lows, engulfing patterns at tests, and strong momentum candles at breakouts all refine entry timing. Candle confirmation at key events increases timing precision and trade execution quality.","Timing"
"What timing adjustments apply when trading accumulation patterns in ETFs versus individual stocks?","ETF accumulation patterns typically show cleaner structures with less manipulation, allowing more mechanical timing based on events. Individual stocks may show more erratic behavior requiring additional confirmation. ETF timing can be more systematic while stock timing needs more discretion.","Timing"
"How does the appearance of a test immediately following the Spring affect entry timing?","Immediate Spring tests that hold above Spring low on declining volume provide the most aggressive entry timing opportunity. This quick confirmation validates the shakeout and allows entering before the broader market recognizes the pattern's significance.","Timing"
"What timing signals indicate accumulation is occurring without a visible Spring?","Accumulation without Springs shows progressively higher lows with declining reaction volume, successful tests of the Creek, and SOS developing from middle-range LPS. Timing focuses on BUEC entry since the traditional Spring entry opportunity doesn't exist in this pattern variant.","Timing"
"How should timing expectations adjust based on the slope of downtrend entering accumulation?","Steep downtrends entering accumulation often produce dramatic climaxes but potentially unstable subsequent patterns. Gradual downtrends may produce quieter accumulation with more reliable timing signals. Timing patience should increase proportionally to prior trend intensity.","Timing"
"What timing considerations apply when the Last Point of Support forms on news events?","News-driven LPS formations require waiting for the news reaction to settle before confirming pattern validity. Immediate reaction may be noise; the subsequent trading pattern determines if genuine LPS formed. Timing entries occur once post-news stability confirms the structure.","Timing"
"How does the number of upthrusts during Phase B affect Spring timing expectations?","Multiple Phase B upthrusts suggest thorough overhead supply testing, often reducing Spring intensity when it occurs. Well-tested resistance sometimes leads to patterns resolving without significant Springs, shifting timing focus to LPS entries rather than waiting for dramatic shakeouts.","Timing"
"What timing signals help identify that Phase B is transitioning to Phase C?","Phase B to C transition shows narrowing price ranges near support, diminishing volume on minor reactions, and price reluctance to rally despite light selling. These compression characteristics signal imminent Spring potential, alerting traders to prepare timing for the test.","Timing"
"How does Wyckoff time entries differently for growth versus value stocks showing accumulation?","Growth stocks may show quicker accumulation with sharper Springs and faster breakouts, allowing more aggressive timing. Value stocks often accumulate longer with gentler patterns, requiring more patient timing. Growth stock timing emphasizes momentum; value timing emphasizes confirmation.","Timing"
"What timing adjustments apply during earnings season when accumulation patterns near completion?","Earnings events can either trigger breakouts from completed accumulation or create false signals during incomplete patterns. Timing around earnings requires either entering before the event with wider stops or waiting for post-earnings confirmation of pattern validity.","Timing"
"How does multiple timeframe analysis improve timing precision within accumulation patterns?","Higher timeframes confirm overall pattern validity while lower timeframes refine entry timing. A daily accumulation pattern with hourly Spring confirmation provides superior timing to either timeframe alone. Multiple timeframe agreement increases timing confidence significantly.","Timing"
"What timing signals suggest a Jump Across the Creek will lead to sustained markup versus failure?","Successful Creek jumps show: preceding volume decrease, expanding volume on breakout, wide spread closes near highs, and immediate follow-through. Failed jumps show exhaustion gaps, declining volume, and quick reversal. Timing positions differently based on these characteristics.","Timing"
"How should timing adapt when Springs occur on wider market down days?","Market-wide weakness during individual stock Springs can create deeper penetration but doesn't invalidate the pattern if recovery occurs. Timing may require additional patience for market stabilization before the individual stock's pattern can assert itself through SOS development.","Timing"
"What timing implications does distribution-like activity within accumulation Phase B have?","Minor distribution within Phase B represents profit-taking and position adjustment, not pattern failure. Timing should observe whether subsequent tests show decreasing volume. This internal distribution often precedes the final Spring, actually improving timing readiness for the key test.","Timing"
"How does the amplitude of price swings during Phase B affect Phase C timing expectations?","Decreasing amplitude during Phase B signals volatility contraction preceding the Phase C test. Large amplitude throughout Phase B may indicate incomplete absorption requiring more development. Timing improves when amplitude naturally compresses toward pattern completion.","Timing"
"What timing considerations apply when the Automatic Rally exceeds typical retracement levels?","Excessive AR retracements indicate strong underlying demand but also create higher resistance for later breakout. Timing should expect potentially more Phase B development as this overhead supply is tested. However, strength indication may allow earlier entry timing on subsequent tests.","Timing"
"How does Wyckoff time entries when accumulation patterns show trendline support within the range?","Internal trendline support within accumulation provides additional timing reference beyond horizontal levels. Springs to trendline support rather than horizontal support may indicate stronger underlying demand, potentially allowing earlier entry timing with trendline as the stop reference.","Timing"
"What timing signals indicate the markup from accumulation will be gradual versus explosive?","Gradual markups show measured volume expansion and proportional price advance. Explosive markups often follow particularly deep Springs or extended accumulation periods with sudden volume surge. Timing position management differs based on expected advance character.","Timing"
"How should timing adjust when trading accumulation patterns in markets with trading halts?","Trading halts can create gaps that either confirm or invalidate patterns. Timing should be more conservative in halt-prone securities, waiting for post-halt price discovery before confirming pattern status. Position sizing should accommodate gap risk in timing decisions.","Timing"
"What timing implications does a Spring that occurs on extremely low volume have?","Extremely low volume Springs indicate lack of selling interest rather than absorption of selling pressure. While bullish, these patterns may produce slower subsequent advances. Timing can be earlier since downside risk is minimal, but upside timing expectations should moderate.","Timing"
"How does Wyckoff time exits from failed accumulation turning into distribution?","When accumulation fails and transitions to distribution, timing becomes urgent. Exit signals include rallies failing at progressively lower levels, expanding volume on declines, and price unable to reclaim former support. Timing prioritizes capital preservation over optimal exit price.","Timing"
"What timing considerations apply for overnight position holding during accumulation development?","Overnight gaps can occur at any pattern stage, requiring timing decisions about position sizing and stop placement. During sensitive timing periods like Spring development, reduced overnight exposure manages gap risk while maintaining core positioning for pattern completion.","Timing"
"How does the relationship between price and moving averages help refine timing within patterns?","Moving average tests during accumulation provide additional timing reference. Springs to rising moving averages often mark optimal entry timing. Moving average crossovers within the pattern can confirm timing transitions between phases, improving entry and exit precision.","Timing"
"What timing signals help identify when a Sign of Weakness is exhaustive versus initiating?","Exhaustive SOW shows decreasing volume and narrowing spread during the decline, suggesting selling completion. Initiating SOW shows expanding volume and widening spread, indicating more supply available. Timing for shorts differs significantly based on SOW character.","Timing"
"How should timing expectations adjust for accumulation patterns forming in commodity markets?","Commodity accumulation often relates to production cycles and seasonal factors, potentially extending pattern duration. Timing should account for these external factors alongside technical pattern development. Commercial versus speculative positioning adds timing complexity unique to commodities.","Timing"
"What timing implications does increased short interest have during accumulation development?","High short interest during accumulation creates additional buying pressure potential through covering. Spring timing may be more reliable as shorts add to the shakeout but also fuel subsequent rallies. Timing entries knowing short covering may accelerate markup phase.","Timing"
"How does Wyckoff time entries when price forms a shelf pattern within accumulation?","Shelf patterns showing flat, tight price consolidation within accumulation indicate imminent directional resolution. Timing tightens to breakout watch, as shelves typically resolve quickly. Entry timing should prepare for immediate action on volume expansion from the shelf.","Timing"
"What timing considerations apply when accumulation occurs at round number psychological levels?","Round numbers attract additional attention and order flow, potentially affecting pattern behavior. Springs below round numbers may be more effective at shaking out weak holders. Timing can be more confident when accumulation completes successfully at psychologically significant levels.","Timing"
"How does the character of the prior uptrend affect timing for distribution pattern entries?","Extended prior uptrends create more overextended conditions requiring longer distribution. Sharp prior advances may distribute quickly. Timing short entries in distribution calibrates to prior trend character, expecting longer patterns after longer advances and shorter patterns after sharp moves.","Timing"
"What timing signals indicate that a minor LPS within Phase D is safe for adding positions?","Safe add-on LPS shows: price holding above prior LPS low, volume lighter than previous reactions, spread narrower than prior declines, and quick return to rally. These characteristics confirm demand dominance continues, validating timing for position increases.","Timing"
"How should timing differ when trading accumulation patterns in options versus underlying stock?","Options timing requires additional consideration of expiration and implied volatility. Accumulation pattern completion near expiration may not allow sufficient time for positions to work. Timing should select expirations providing runway beyond expected pattern completion.","Timing"
"What timing implications does a Buying Climax on gap opening have for distribution development?","Gap opening Buying Climaxes often mark the absolute high more precisely than gradual climaxes. Distribution may be more compressed since the gap itself attracted final buyers. Timing for exits becomes more urgent as pattern development accelerates from the gap climax.","Timing"
"How does Wyckoff time entries when Springs coincide with market index support tests?","Spring timing improves when individual stock shakeouts coincide with market support tests. The broader context provides additional confirmation, and subsequent market rally supports individual stock advance. This alignment of timing signals across levels increases entry confidence.","Timing"
"What timing considerations apply when multiple accumulation phases appear necessary?","Some patterns require multiple accumulation phases before successful markup. Timing must recognize incomplete initial patterns and wait for secondary accumulation completion. Multiple phases aren't failure but rather indicate larger institutional campaigns requiring extended timing patience.","Timing"
"How does the behavior of correlated assets affect timing decisions in accumulation patterns?","Correlated asset behavior provides confirmation or warning for timing decisions. When correlated assets show similar accumulation characteristics, timing confidence increases. Divergent behavior requires more individual pattern confirmation before timing entries with full conviction.","Timing"
"What timing signals indicate that the transition from accumulation to markup has begun?","Markup transition shows: closes consistently near daily highs, volume expansion on advances, reactions finding support at higher levels, and price clearing Phase B highs. Timing shifts from entry focus to trend management as these characteristics emerge.","Timing"
"How should timing adjust when political or economic events are scheduled during pattern development?","Known event timing should influence position sizing and stop placement rather than pattern interpretation. Reducing exposure before significant events manages timing risk. Post-event confirmation may be required before full positioning regardless of pattern completeness.","Timing"
"What timing implications does a Spring that forms over multiple sessions have versus single session?","Multi-session Springs show more deliberate testing and potentially more thorough shakeout. Single session Springs, while dramatic, may not fully remove weak holders. Timing for entry may require additional confirmation for single-session Springs to ensure shakeout completion.","Timing"
"How does relative volume analysis refine timing during final accumulation stages?","Relative volume above average on rallies with below average volume on reactions confirms final accumulation. This volume divergence pattern signals timing for imminent breakout. Positions established when relative volume confirms supply absorption benefit from optimal timing.","Timing"
"What timing considerations apply when trading patterns that form during after-hours or pre-market?","Extended hours patterns may not have representative volume for Wyckoff analysis. Timing should wait for regular session confirmation of extended hours price action. Springs or breakouts occurring in extended hours require regular session validation before timing position commitment.","Timing"
"How does Wyckoff time entries when the overall market is in a confirmed downtrend but stock shows accumulation?","Counter-trend timing requires exceptional pattern quality and clear relative strength. Position sizing should be reduced and timing should wait for market downtrend exhaustion signals before full commitment. Individual stock timing subordinates to broader market timing considerations.","Timing"
"What timing signals suggest accumulation pattern completion when Springs are absent?","No-Spring patterns show completion through: successful tests of Creek resistance, LPS formations showing clear demand, and price holding above Phase B midpoint. Timing focuses on BUEC entry following the initial strength above Creek, since Spring entry opportunity doesn't exist.","Timing"
"How should timing expectations adjust based on the market's overall volatility regime?","High volatility regimes may produce larger pattern swings but faster completion. Low volatility regimes show tighter patterns requiring more patience. Timing adjusts expectations and stop placement to the prevailing volatility environment while maintaining structural requirements.","Timing"
"What timing implications does institutional ownership change have during accumulation development?","Increasing institutional ownership during accumulation confirms smart money participation, improving timing confidence. This fundamental confirmation of technical patterns allows more aggressive timing. Decreasing ownership during supposed accumulation warns against premature entry timing.","Timing"
"How does Wyckoff time entries when price shows strength before reaching expected Spring levels?","Early strength before reaching expected Spring levels may indicate the Spring will be minor or absent. Timing should recognize this pattern variant and prepare for LPS or test-based entry rather than waiting for a Spring that may not materialize with expected depth.","Timing"
"What timing considerations apply when Springs occur during low liquidity periods?","Low liquidity Springs may exaggerate price movement without genuine volume confirmation. Timing should be more cautious, waiting for normal liquidity session confirmation of Spring validity. Position sizing should accommodate potential execution challenges during thin trading.","Timing"
"How does the sector's position in its own cycle affect individual stock timing decisions?","Individual stock accumulation within a sector showing broader accumulation characteristics provides timing confirmation. Sector cycle alignment improves individual timing success probability. Counter-sector timing requires exceptional individual stock pattern quality before entry commitment.","Timing"
"Where does Wyckoff recommend placing stop-loss orders?","Stop losses should be placed below significant support levels such as below the Spring low in accumulation or above the Upthrust high in distribution, allowing for normal market volatility while protecting capital.","Risk Management"
"What is the logic behind Wyckoff stop placement?","Stops are placed at levels where the trade thesis is clearly invalidated - if price reaches the stop, the analysis was wrong.","Risk Management"
"How should stops be placed after a Spring entry?","After a Spring entry, stops should be placed below the Spring low, as a break below would invalidate the accumulation thesis.","Risk Management"
"How should stops be placed after an LPS entry?","After an LPS entry, stops should be placed below the LPS low or below the Creek level that should now act as support.","Risk Management"
"How should stops be placed in distribution?","In distribution setups, stops should be placed above the Upthrust high or above the Ice level.","Risk Management"
"What is the danger of placing stops too tight?","Stops too tight get hit by normal volatility, resulting in unnecessary losses and missed profitable trades.","Risk Management"
"What is the danger of placing stops too loose?","Stops too loose expose capital to excessive risk and reduce overall risk-adjusted returns.","Risk Management"
"How does market structure define stop location?","Market structure provides logical invalidation points - levels where if broken, the trade setup is clearly wrong.","Risk Management"
"Should stops be placed at exact support/resistance levels?","Stops should be placed slightly beyond support/resistance to allow for market noise and stop hunting.","Risk Management"
"How do traders calculate the dollar risk per trade?","Dollar risk is calculated as the difference between entry price and stop price, multiplied by position size.","Risk Management"
"How does position sizing factor into Wyckoff's approach?","Position sizing should be based on market structure and the quality of the setup. Wyckoff advocated larger positions when multiple timeframes align and smaller positions during uncertain market conditions.","Risk Management"
"What determines optimal position size?","Optimal position size is determined by account risk tolerance, distance to stop loss, and setup quality.","Risk Management"
"How should traders adjust position size for volatility?","Position size should decrease as volatility increases to maintain consistent dollar risk per trade.","Risk Management"
"What is the relationship between stop distance and position size?","Position size is inversely related to stop distance - wider stops require smaller positions to maintain the same dollar risk.","Risk Management"
"How should position size change based on setup quality?","Higher quality setups with better confirmation warrant larger positions, while marginal setups warrant smaller positions.","Risk Management"
"What percentage of account should be risked per trade?","Most professional traders risk 1-2% of account per trade to survive losing streaks.","Risk Management"
"How do traders scale into positions?","Traders can scale in by taking partial positions initially and adding on confirmation (like successful tests).","Risk Management"
"When should traders use full position size?","Full position size is appropriate when setup quality is high and multiple timeframes confirm the direction.","Risk Management"
"How should beginners approach position sizing?","Beginners should start with smaller position sizes until they develop consistent analytical skills.","Risk Management"
"What is the relationship between conviction and position size?","Higher conviction setups warrant larger positions, but conviction must be based on objective analysis, not emotion.","Risk Management"
"What is Wyckoff's approach to managing losing trades?","Wyckoff believed in cutting losses quickly when price action contradicts the expected scenario, particularly if a stock fails to respond to positive market conditions or breaks below critical support levels.","Risk Management"
"When should traders exit a losing position?","Exit when price action clearly invalidates the original thesis, not when emotions suggest giving up.","Risk Management"
"How does Wyckoff define a failed setup?","A failed setup is when price breaks the level that would invalidate the accumulation or distribution thesis.","Risk Management"
"What is the psychology of taking losses?","Losses are a normal part of trading; the key is keeping them small relative to wins.","Risk Management"
"How should traders handle a stop being hit?","Accept the loss, analyze what went wrong, and look for the next opportunity without revenge trading.","Risk Management"
"What are warning signs of an impending loss?","Warning signs include failure to respond to positive conditions, breaking support prematurely, or divergent price/volume behavior.","Risk Management"
"Should traders average down on losing positions?","Generally no - adding to losers increases risk when the analysis may be wrong.","Risk Management"
"When might adding to a losing position be acceptable?","Only if the original thesis remains valid and the addition is planned as part of a scaling strategy.","Risk Management"
"How do traders recover from losses?","Recovery comes from maintaining discipline, proper position sizing, and finding high-quality setups.","Risk Management"
"What is the maximum acceptable drawdown?","Maximum drawdown depends on strategy, but preserving capital to trade another day is paramount.","Risk Management"
"How does the concept of 'path of least resistance' relate to risk?","Trading with the path of least resistance reduces risk by aligning positions with the dominant force in the market. Wyckoff taught never to trade against smart money or the established trend.","Risk Management"
"What increases risk in trading?","Risk increases when trading against the established trend or against institutional positioning.","Risk Management"
"How do traders identify the path of least resistance?","By analyzing market structure, volume, and identifying whether accumulation or distribution is occurring.","Risk Management"
"Why is trading against smart money risky?","Smart money has information and capital advantages; trading against them means fighting superior resources.","Risk Management"
"How does trend-following reduce risk?","Trend-following aligns with the dominant force, increasing probability of success and reducing likelihood of large losses.","Risk Management"
"What is counter-trend trading risk?","Counter-trend trading risks getting run over by the dominant force, even if analysis is temporarily correct.","Risk Management"
"When might counter-trend trading be acceptable?","When clear reversal signals appear (springs/upthrusts) with tight stops and controlled position size.","Risk Management"
"How do traders align with institutional flow?","By identifying accumulation (buy) or distribution (sell) and positioning accordingly.","Risk Management"
"What happens when fighting the tape?","Fighting the tape leads to losses as positions are overwhelmed by the dominant trend.","Risk Management"
"How does patience reduce risk?","Patience allows waiting for high-probability setups rather than forcing trades in uncertain conditions.","Risk Management"
"What risk-reward ratios does Wyckoff methodology typically target?","The methodology targets situations where potential profit is at least three times the initial risk, using Point and Figure charts to calculate price objectives and ensure favorable risk-reward ratios.","Risk Management"
"Why is 3:1 risk-reward important?","A 3:1 ratio allows profitability even with a win rate below 50%, providing margin for analytical errors.","Risk Management"
"How do traders calculate potential reward?","Reward is calculated using Point and Figure counts or projecting the next significant resistance/support level.","Risk Management"
"What is the relationship between win rate and risk-reward?","Higher win rates can succeed with lower R:R, while lower win rates require higher R:R to be profitable.","Risk Management"
"How do traders verify risk-reward before entry?","Calculate the distance to stop and distance to target before entering to ensure favorable ratio.","Risk Management"
"Should traders take setups with poor risk-reward?","No - even good analysis with poor risk-reward leads to unprofitable trading over time.","Risk Management"
"How does Point and Figure help assess risk-reward?","Point and Figure counts provide objective price targets to compare against stop distance.","Risk Management"
"What if the target is too close to justify the risk?","Skip the trade and wait for better opportunities with more favorable risk-reward.","Risk Management"
"How do multiple targets affect risk-reward?","Traders can take partial profits at the first target and let the rest run for larger gains.","Risk Management"
"What is the minimum acceptable risk-reward?","Most professional traders require at least 2:1, with 3:1 or better preferred.","Risk Management"
"How does Wyckoff use market structure to define risk?","Risk is defined by the distance to logical stop points based on market structure. Failed springs, broken support levels, or violated accumulation patterns provide clear exit signals to limit losses.","Risk Management"
"What market structures define risk levels?","Trading range boundaries, spring/upthrust levels, and LPS/LPSY points define logical risk levels.","Risk Management"
"How do failed tests affect risk assessment?","Failed tests (springs that don't hold, upthrusts that don't reverse) indicate increased risk of further adverse movement.","Risk Management"
"What is a 'failed spring' and its implications?","A failed spring breaks below the spring low on increasing volume, invalidating the accumulation thesis and requiring exit.","Risk Management"
"What is a 'failed upthrust' and its implications?","A failed upthrust breaks above the upthrust high on increasing volume, invalidating the distribution thesis.","Risk Management"
"How does trading range width affect risk?","Wider trading ranges have larger price swings, requiring wider stops and smaller position sizes.","Risk Management"
"How does phase identification help manage risk?","Knowing the current phase helps anticipate likely price behavior and set appropriate risk parameters.","Risk Management"
"What is the risk of trading Phase B?","Phase B has erratic price action as cause builds, making it riskier than trading Phase C or D setups.","Risk Management"
"Why is Phase C lower risk for entries?","Phase C (spring/upthrust) provides tight invalidation levels and clear signals for position management.","Risk Management"
"How do traders manage risk during Phase E?","During Phase E, trail stops below support/above resistance to protect profits while allowing the trend to run.","Risk Management"
"What warning signs indicate increasing risk in a position?","Warning signs include decreasing volume on advances, widening spreads on reactions, failure to reach previous highs, and bearish divergences between price and volume, suggesting distribution may be occurring.","Risk Management"
"How does volume warn of increased risk?","Volume divergences - like decreasing volume on rallies - warn that the move may be losing institutional support.","Risk Management"
"What does failure to make new highs indicate?","Failure to make new highs after a spring suggests buyers are weakening and risk is increasing.","Risk Management"
"What does failure to make new lows indicate?","Failure to make new lows after an upthrust suggests sellers are weakening.","Risk Management"
"How do spread changes indicate risk?","Widening spreads on reactions suggest increasing selling pressure; widening spreads on rallies in a downtrend suggest increasing buying pressure.","Risk Management"
"What is a bearish divergence?","Price making higher highs while volume or momentum makes lower highs - a warning of weakening demand.","Risk Management"
"What is a bullish divergence?","Price making lower lows while volume or momentum makes higher lows - a warning of weakening supply.","Risk Management"
"How do traders respond to warning signs?","Tighten stops, reduce position size, or exit depending on the severity of the warning.","Risk Management"
"What if multiple warning signs appear?","Multiple warning signs warrant serious consideration of exiting or significantly reducing the position.","Risk Management"
"Can warning signs give false signals?","Yes, which is why traders use multiple confirmations before acting on warning signs.","Risk Management"
"How does Wyckoff's phase analysis help manage risk?","Understanding which phase the market is in helps manage risk by avoiding premature entries in Phase B, recognizing low-risk opportunities in Phase C, and taking profits during Phase E distribution signs.","Risk Management"
"Why is trading Phase B risky?","Phase B has unpredictable swings as cause builds, making it difficult to manage positions effectively.","Risk Management"
"What is the risk of early entry in accumulation?","Early entry may face additional tests and shakeouts before the markup begins.","Risk Management"
"What is the risk of late entry in accumulation?","Late entry misses part of the move and may enter near resistance with poor risk-reward.","Risk Management"
"How does Phase D offer good risk-reward?","Phase D shows clear trend development with LPS points offering entries with defined risk.","Risk Management"
"When should traders take profits?","Take profits when Phase E shows distribution signs or when price targets are reached.","Risk Management"
"What is the risk of holding too long?","Holding too long risks giving back profits as distribution occurs.","Risk Management"
"How do traders identify transition between phases?","Transitions are identified by changing character - new events appearing that signal the next phase.","Risk Management"
"What is re-entry risk after being stopped out?","Re-entry should wait for a new setup rather than emotionally re-entering after a stop.","Risk Management"
"How does phase analysis help with patience?","Knowing current phase helps traders wait for optimal entry points rather than rushing.","Risk Management"
"What is Wyckoff's view on capital preservation?","Capital preservation is paramount - traders must protect their capital to survive and profit over the long term.","Risk Management"
"Why is capital preservation the first rule?","Without capital, traders cannot participate in future opportunities; preserving capital ensures longevity.","Risk Management"
"How do traders balance profit potential and capital preservation?","By only taking trades with favorable risk-reward and always using proper position sizing and stops.","Risk Management"
"What role do losing streaks play in capital preservation?","Losing streaks are inevitable; proper position sizing ensures survival through inevitable drawdowns.","Risk Management"
"How much can traders afford to lose?","Traders should never risk more than they can afford to lose while maintaining ability to trade.","Risk Management"
"What is the relationship between risk and reward?","Higher potential rewards usually come with higher risks; the key is finding favorable ratios.","Risk Management"
"How do professional traders think about risk?","Professionals think about risk first, reward second - always asking 'what can I lose?' before 'what can I make?'","Risk Management"
"What is the role of defense in trading?","Good defense (risk management) allows offense (profit generation) to work over time.","Risk Management"
"How does consistency in risk management help?","Consistent risk management ensures no single trade can devastate the account.","Risk Management"
"What mistakes destroy trading capital?","Over-sizing positions, removing stops, averaging into losers, and revenge trading destroy capital.","Risk Management"
"When should traders stay out of the market?","Stay out when structure is unclear, when risk-reward is unfavorable, or when no valid setups appear.","Risk Management"
"What is the value of cash position?","Cash is a position - being flat preserves capital and keeps options open for better opportunities.","Risk Management"
"How does patience reduce risk?","Patience means only trading when conditions are favorable, avoiding marginal setups.","Risk Management"
"What is the cost of over-trading?","Over-trading increases transaction costs and exposes capital to unnecessary risk from marginal setups.","Risk Management"
"How do traders know when to wait?","Wait when the market phase is unclear, when trends are mixed, or when no clear accumulation/distribution is visible.","Risk Management"
"What is the risk of forcing trades?","Forcing trades leads to entering marginal setups with poor risk-reward and lower probability of success.","Risk Management"
"How do market conditions affect risk?","Volatile, choppy conditions increase risk; trending conditions with clear structure reduce risk.","Risk Management"
"What role does market direction play in risk?","Trading with the general market direction reduces risk; trading against it increases risk.","Risk Management"
"How do traders handle boring markets?","Accept that not all markets offer opportunities; use quiet periods to study and prepare.","Risk Management"
"What is opportunity cost of wrong trades?","Wrong trades not only lose money but consume capital that could be deployed in better setups.","Risk Management"
"How should traders trail stops?","Trail stops below significant support levels in uptrends or above resistance levels in downtrends as the position moves in your favor.","Risk Management"
"When should traders start trailing stops?","Start trailing after the position shows clear profit and the initial risk has been removed.","Risk Management"
"How tight should trailing stops be?","Tight enough to protect profits but loose enough to allow normal corrections without being stopped.","Risk Management"
"What levels make good trailing stop points?","LPS levels, previous swing lows (in uptrends), or reaction lows make good trailing stop points.","Risk Management"
"What is the danger of trailing too tight?","Trailing too tight results in being stopped out during normal corrections, missing larger moves.","Risk Management"
"What is the danger of trailing too loose?","Trailing too loose gives back too much profit during reversals.","Risk Management"
"How do traders balance profit protection and trend riding?","By trailing behind significant structure levels rather than arbitrary percentages.","Risk Management"
"Should trailing stop method change with profit?","As profit grows, traders may tighten trails to protect larger gains.","Risk Management"
"What role do new highs/lows play in trailing?","New highs/lows create new structure levels to trail behind.","Risk Management"
"How do traders handle gaps when trailing?","Adjust stops after gaps to reflect new structure levels.","Risk Management"
"When should traders take partial profits?","Take partial profits at intermediate targets to reduce risk and lock in gains.","Risk Management"
"How much should be taken as partial profit?","Common approaches are taking 50% at first target and trailing the rest.","Risk Management"
"What is the advantage of partial profits?","Partial profits reduce risk, lock in gains, and allow remaining position to run for larger moves.","Risk Management"
"What is the disadvantage of partial profits?","May result in reduced gains if the position continues strongly in your favor.","Risk Management"
"How do Point and Figure targets guide profit taking?","Use first count target for partial profits and extended targets for trailing remainder.","Risk Management"
"What happens to stops after partial profit?","After partial profit, move stop to breakeven or better on remaining position.","Risk Management"
"How does partial profit taking affect psychology?","Locking in gains reduces anxiety and allows more patient management of remaining position.","Risk Management"
"When should traders not take partial profits?","When the setup is exceptionally strong and odds favor holding for the full target.","Risk Management"
"How do traders decide on profit taking strategy?","Based on market conditions, setup quality, and personal risk tolerance.","Risk Management"
"What is the relationship between conviction and profit taking?","Higher conviction setups may warrant holding for larger targets; lower conviction warrants taking profits sooner.","Risk Management"
"What is the biggest risk in Wyckoff trading?","Misinterpreting structure and entering positions based on incorrect analysis.","Risk Management"
"How do traders verify their analysis?","Through multiple timeframe confirmation, volume validation, and waiting for confirming events.","Risk Management"
"What role does experience play in risk management?","Experience helps recognize patterns faster and avoid common analytical mistakes.","Risk Management"
"How should traders journal for risk management?","Record entry/exit rationale, what worked/didn't, and risk management decisions for learning.","Risk Management"
"What is the risk of not journaling?","Without journaling, traders repeat mistakes and can't identify areas for improvement.","Risk Management"
"How do traders improve risk management?","Through study, practice, journaling, and honest evaluation of trading performance.","Risk Management"
"What is the role of rules in risk management?","Clear rules prevent emotional decisions that typically increase risk.","Risk Management"
"How do traders stick to risk management rules?","Through discipline, automation where possible, and understanding the long-term importance of rules.","Risk Management"
"What happens when traders break risk rules?","Breaking rules usually leads to larger losses and degraded long-term performance.","Risk Management"
"How do traders recover from risk management failures?","Return to basics, reduce position size, and rebuild confidence through disciplined trading.","Risk Management"
"What is psychological risk?","The risk of emotional decisions overriding sound analysis and risk management.","Risk Management"
"How do traders manage psychological risk?","Through predetermined rules, proper position sizing, and emotional awareness.","Risk Management"
"What is the risk of revenge trading?","Revenge trading typically leads to larger losses as emotions override analysis.","Risk Management"
"What is the risk of overconfidence?","Overconfidence leads to oversizing positions and ignoring warning signs.","Risk Management"
"What is the risk of fear?","Fear leads to cutting winners too early and missing good opportunities.","Risk Management"
"How do traders balance fear and greed?","Through systematic analysis and rule-based decision making rather than emotional reactions.","Risk Management"
"What is correlation risk?","Risk that multiple positions move together, amplifying losses when markets move against you.","Risk Management"
"How do traders manage correlation risk?","By diversifying across uncorrelated markets or limiting exposure to correlated positions.","Risk Management"
"What is liquidity risk?","Risk of not being able to exit positions at desired prices, especially in volatile markets.","Risk Management"
"How do traders manage liquidity risk?","By trading liquid markets and sizing positions appropriately for market liquidity.","Risk Management"
"What is gap risk?","Risk of price gapping through stop levels, resulting in larger losses than planned.","Risk Management"
"How do traders manage gap risk?","By proper position sizing and accepting that gap risk is inherent in overnight positions.","Risk Management"
"What is model risk?","Risk that the analytical framework (Wyckoff) is applied incorrectly or doesn't apply to current conditions.","Risk Management"
"How do traders manage model risk?","Through continuous learning, multiple confirmation sources, and intellectual humility.","Risk Management"
"What is execution risk?","Risk of not being able to execute trades at desired prices due to market conditions.","Risk Management"
"How do traders manage execution risk?","By using appropriate order types and being realistic about execution possibilities.","Risk Management"
"What is the ultimate goal of risk management?","To ensure survival and consistent profitability over the long term.","Risk Management"
"How do successful traders think about risk?","They think about risk first in every trade decision, never ignoring it in pursuit of profits.","Risk Management"
"What separates successful from unsuccessful traders?","Successful traders consistently manage risk well; unsuccessful traders don't.","Risk Management"
"Is perfect risk management possible?","No, but consistent application of sound principles significantly improves long-term results.","Risk Management"
"What is the 2% rule in trading?","Never risk more than 2% of account on any single trade to ensure survival through losing streaks.","Risk Management"
"How do traders calculate position size from risk?","Position size = (Account Risk Amount) / (Entry Price - Stop Price)","Risk Management"
"What is dollar cost averaging and its risks?","DCA involves regular buying regardless of price; in trading context, adding to losers increases risk exposure.","Risk Management"
"What is pyramiding?","Adding to winning positions as they move in your favor, increasing exposure to profitable trades.","Risk Management"
"When is pyramiding appropriate?","When the trade is showing profit and setup continues to be valid with clear stop placement.","Risk Management"
"What is anti-martingale positioning?","Increasing position size after wins and decreasing after losses, opposite of doubling down on losers.","Risk Management"
"What is the relationship between win rate and survival?","Lower win rates require higher reward-to-risk ratios to be profitable over time.","Risk Management"
"How do traders calculate expectancy?","Expectancy = (Win Rate × Average Win) - (Loss Rate × Average Loss)","Risk Management"
"What expectancy is needed for profitability?","Positive expectancy is required; higher expectancy means more profit potential.","Risk Management"
"What is drawdown?","Drawdown is the decline from equity peak to trough, measuring worst-case loss.","Risk Management"
"What is maximum drawdown?","The largest peak-to-trough decline experienced, indicating worst historical performance.","Risk Management"
"How does drawdown affect psychology?","Large drawdowns create emotional stress and can lead to poor decision-making.","Risk Management"
"What is acceptable drawdown?","Depends on strategy and personality; most traders prefer keeping drawdowns under 20%.","Risk Management"
"How do traders recover from drawdown?","By maintaining discipline, reducing risk, and letting the strategy work over time.","Risk Management"
"What is recovery factor?","The ratio of net profit to maximum drawdown, measuring efficiency of recovery.","Risk Management"
"What is risk of ruin?","The probability of losing all trading capital based on risk per trade and win rate.","Risk Management"
"How do traders minimize risk of ruin?","By risking small percentages per trade and maintaining positive expectancy.","Risk Management"
"What is Kelly Criterion?","A formula for optimal position sizing based on win rate and payoff ratio.","Risk Management"
"Should traders use full Kelly?","No, most traders use fractional Kelly (half or quarter) to reduce volatility.","Risk Management"
"What is the danger of over-optimization?","Position sizing based on past results may not work in future conditions.","Risk Management"
"How do traders handle correlated positions?","Reduce total exposure when holding correlated positions that could all move together.","Risk Management"
"What is portfolio heat?","Total risk across all open positions; should be limited to prevent large total losses.","Risk Management"
"How much portfolio heat is acceptable?","Many traders limit total open risk to 6-10% of account.","Risk Management"
"What is diversification in Wyckoff context?","Trading uncorrelated setups to reduce overall portfolio risk.","Risk Management"
"How many positions should traders hold?","Few enough to manage well; typically 3-6 for most traders.","Risk Management"
"What is the danger of over-diversification?","Spreading too thin dilutes focus and can reduce overall returns.","Risk Management"
"How do traders handle overnight risk?","By sizing positions appropriately for gap risk and reducing size before known events.","Risk Management"
"What is weekend risk?","Risk of gaps when markets reopen after weekend closures.","Risk Management"
"How do traders manage weekend risk?","By reducing or closing positions before weekends when structure is unclear.","Risk Management"
"What is event risk?","Risk from scheduled events (earnings, economic reports) that can cause large moves.","Risk Management"
"How do traders handle event risk?","By reducing exposure before events or ensuring position size accounts for potential gaps.","Risk Management"
"What is black swan risk?","Risk from unexpected, rare events that cause extreme market moves.","Risk Management"
"Can black swan risk be managed?","Not predicted, but proper position sizing ensures survival through extreme events.","Risk Management"
"What is tail risk?","Risk of extreme moves that occur more frequently than normal distributions suggest.","Risk Management"
"How do traders manage tail risk?","Through conservative position sizing and acceptance that extreme moves will occur.","Risk Management"
"What is systematic risk?","Market-wide risk that affects all stocks regardless of individual analysis.","Risk Management"
"What is unsystematic risk?","Stock-specific risk that can be reduced through diversification.","Risk Management"
"How does Wyckoff help with systematic risk?","By identifying market-wide accumulation/distribution patterns.","Risk Management"
"What is time risk?","Risk that positions take longer to work than expected, tying up capital.","Risk Management"
"How do traders manage time risk?","By setting time limits on positions that aren't working as expected.","Risk Management"
"What is opportunity cost in risk management?","Capital in losing or stagnant positions can't be deployed in better opportunities.","Risk Management"
"How do traders balance risk and opportunity?","By accepting necessary risk for valid setups while avoiding unnecessary risk.","Risk Management"
"What is the role of insurance in trading?","Some traders use options to hedge downside risk on larger positions.","Risk Management"
"When is hedging appropriate?","When position size is large enough that adverse moves would cause significant damage.","Risk Management"
"What is the cost of hedging?","Hedging has costs that reduce overall returns; balance protection vs cost.","Risk Management"
"How do traders use options for risk management?","Buying puts for downside protection or using spreads to limit risk.","Risk Management"
"What is a stop-and-reverse strategy?","Reversing position when stopped out if evidence supports opposite direction.","Risk Management"
"When is stop-and-reverse appropriate?","When the stop being hit confirms opposite thesis with clear new setup.","Risk Management"
"What is re-entry after stop?","Getting back into a trade after being stopped out when new valid setup forms.","Risk Management"
"How do traders handle multiple stop-outs?","Reduce size after multiple stops and reassess analysis before re-entering.","Risk Management"
"What is the role of account segregation?","Separating trading capital from other assets to limit total risk exposure.","Risk Management"
"How does Wyckoff methodology adapt to different market conditions?","The methodology adapts by recognizing that the same principles apply across all conditions, but specific tactics vary based on whether markets are trending, ranging, or volatile.","Adaptability"
"How should traders adapt during bull markets?","During bull markets, focus on accumulation patterns and buy setups, being more aggressive on springs and LPS entries.","Adaptability"
"How should traders adapt during bear markets?","During bear markets, focus on distribution patterns and sell setups, being more aggressive on upthrusts and LPSY entries.","Adaptability"
"How should traders adapt during sideways markets?","During sideways markets, identify whether accumulation or distribution is occurring and prepare for the eventual breakout.","Adaptability"
"How does volatility affect Wyckoff analysis?","Higher volatility requires wider stops and smaller position sizes, but the structural analysis remains the same.","Adaptability"
"How do traders adapt to increasing volatility?","Reduce position size, widen stops, and potentially wait for volatility to subside before trading.","Adaptability"
"How do traders adapt to decreasing volatility?","Decreasing volatility often precedes significant moves; watch for building cause and prepare for breakouts.","Adaptability"
"What is the relationship between volatility and opportunity?","Volatility creates both risk and opportunity; the key is managing the risk while positioning for the opportunity.","Adaptability"
"How do trending markets differ from ranging markets?","Trending markets favor trend-following strategies; ranging markets favor identifying accumulation/distribution for future trends.","Adaptability"
"Can Wyckoff be used in all market conditions?","Yes, because the fundamental supply/demand principles apply regardless of market condition.","Adaptability"
"How does Wyckoff apply to different timeframes?","Wyckoff principles apply to all timeframes from tick charts to monthly charts; the same events and phases occur at every scale.","Adaptability"
"How should day traders adapt Wyckoff?","Day traders apply the same analysis to intraday charts, looking for accumulation/distribution within the trading day.","Adaptability"
"How should swing traders adapt Wyckoff?","Swing traders focus on daily and weekly charts, identifying multi-day to multi-week patterns.","Adaptability"
"How should position traders adapt Wyckoff?","Position traders use weekly and monthly charts to identify major accumulation/distribution for longer-term trades.","Adaptability"
"What is fractal nature in Wyckoff analysis?","Patterns repeat at all timeframes - the same accumulation structure appears on 5-minute and weekly charts.","Adaptability"
"How do traders select the right timeframe?","Select timeframe based on trading style, available time, and personal preferences.","Adaptability"
"Should traders analyze multiple timeframes?","Yes, larger timeframes provide context while smaller timeframes provide entry opportunities.","Adaptability"
"How do timeframes interact in Wyckoff?","Larger timeframe structures contain smaller timeframe structures; alignment increases probability.","Adaptability"
"What happens when timeframes conflict?","When timeframes conflict, defer to the larger timeframe or wait for alignment.","Adaptability"
"How do traders handle timeframe transitions?","Recognize that patterns complete on smaller timeframes first, providing early signals of larger timeframe changes.","Adaptability"
"How does Wyckoff apply to stock markets?","Wyckoff was developed for stocks and applies directly to equity markets of all types.","Adaptability"
"How does Wyckoff apply to futures markets?","Futures markets follow the same supply/demand principles; analysis is identical.","Adaptability"
"How does Wyckoff apply to forex markets?","Forex markets exhibit accumulation/distribution patterns at all timeframes; the methodology applies fully.","Adaptability"
"How does Wyckoff apply to cryptocurrency markets?","Crypto markets, despite being newer, follow the same institutional accumulation/distribution patterns.","Adaptability"
"How does Wyckoff apply to commodity markets?","Commodity markets exhibit clear institutional positioning that Wyckoff analysis identifies.","Adaptability"
"Do different markets have different characteristics?","Yes, markets differ in liquidity, volatility, and session times, requiring tactical adaptation.","Adaptability"
"How do traders adapt to 24-hour markets?","24-hour markets require attention to session handoffs and global institutional activity.","Adaptability"
"How do traders adapt to less liquid markets?","Less liquid markets require smaller positions and wider stops to accommodate larger spreads.","Adaptability"
"What makes Wyckoff universal across markets?","The universal nature of supply and demand dynamics makes Wyckoff applicable everywhere.","Adaptability"
"Are some markets better suited to Wyckoff?","Liquid markets with significant institutional participation show clearest Wyckoff patterns.","Adaptability"
"How has Wyckoff adapted to electronic trading?","The principles remain valid; only the speed and execution mechanisms have changed.","Adaptability"
"How has Wyckoff adapted to algorithmic trading?","Algorithms create new patterns of supply/demand but don't change the fundamental dynamics.","Adaptability"
"How has Wyckoff adapted to high-frequency trading?","HFT affects very short timeframes but doesn't change accumulation/distribution on higher timeframes.","Adaptability"
"Do modern markets still show Wyckoff patterns?","Yes, modern markets continue to exhibit all classic Wyckoff patterns and phases.","Adaptability"
"How do dark pools affect Wyckoff analysis?","Dark pools may hide some volume, but price action still reveals institutional positioning.","Adaptability"
"Has technology changed smart money behavior?","Technology changes execution methods but not the fundamental need to accumulate/distribute.","Adaptability"
"How do traders adapt to market structure changes?","Stay focused on principles rather than specific patterns, as principles remain constant.","Adaptability"
"What stays constant despite market evolution?","Supply and demand dynamics, human psychology, and institutional behavior remain constant.","Adaptability"
"What has changed since Wyckoff's time?","Execution speed, market access, and information availability have all improved dramatically.","Adaptability"
"How should traders view technological change?","View technology as changing tactics but not strategy; the methodology evolves while principles remain.","Adaptability"
"How do traders adapt when initial analysis is wrong?","Acknowledge the error, exit if stopped, reassess the structure, and look for new setups.","Adaptability"
"What if a spring fails?","A failed spring suggests the analysis was wrong or more accumulation is needed; exit and reassess.","Adaptability"
"What if an upthrust fails?","A failed upthrust suggests continued strength; exit and look for accumulation signs.","Adaptability"
"How do traders adapt when structures change?","Recognize that markets are dynamic; update analysis as new information becomes available.","Adaptability"
"What if accumulation becomes distribution?","This is rare but possible; exit and recognize the changed character of the range.","Adaptability"
"How do traders handle ambiguous structures?","When structure is unclear, stay on sidelines until clearer patterns develop.","Adaptability"
"What role does flexibility play in analysis?","Flexibility allows traders to update views based on new evidence rather than holding rigid opinions.","Adaptability"
"How do traders avoid confirmation bias?","Actively look for evidence against your thesis; be willing to change your mind.","Adaptability"
"What is the balance between conviction and flexibility?","Have conviction in your analysis but be flexible enough to change when evidence warrants.","Adaptability"
"How do traders learn from analytical mistakes?","Through journaling, review, and honest assessment of what went wrong.","Adaptability"
"How does sudden volatility affect trading?","Sudden volatility may widen stops, trigger exits, and require reassessment of current positions.","Adaptability"
"How should traders respond to volatility spikes?","Reduce position size, widen stops, and potentially stand aside until volatility normalizes.","Adaptability"
"How do traders recognize volatility regime changes?","Through observation of average daily ranges, frequency of large moves, and spread behavior.","Adaptability"
"What is the relationship between volatility and trends?","Trends often begin with volatility expansion and end with volatility climaxes.","Adaptability"
"How do volatility climaxes signal opportunity?","Volatility climaxes often mark trend ends and potential reversal points.","Adaptability"
"What is volatility contraction and its significance?","Volatility contraction often precedes significant moves as energy builds during ranges.","Adaptability"
"How do traders position for volatility expansion?","Position during quiet periods with smaller risk, allowing expansion to carry the trade.","Adaptability"
"Should trading strategy change with volatility?","Position sizing and stop placement should adapt; analytical principles remain constant.","Adaptability"
"What is the danger of not adapting to volatility?","Failure to adapt can lead to excessive losses during high volatility or missed opportunities during low volatility.","Adaptability"
"How do institutional traders handle volatility?","Institutions often create volatility through their accumulation/distribution; understanding this helps adaptation.","Adaptability"
"How do traders adapt during major news events?","Reduce exposure before known events; after events, analyze the market's response using Wyckoff principles.","Adaptability"
"Should traders trade during news releases?","Generally avoid trading immediately around major news; wait for reaction to clarify direction.","Adaptability"
"How does news affect Wyckoff structures?","News can accelerate phase transitions or create the climactic events that Wyckoff identifies.","Adaptability"
"How do traders use news in Wyckoff context?","View news as catalyst that moves price through established structure; focus on price/volume response.","Adaptability"
"What if news contradicts technical analysis?","Price response to news is more important than the news itself; watch how market reacts.","Adaptability"
"How do earnings affect Wyckoff analysis?","Earnings can create climax events or accelerate existing trends; analyze the volume response.","Adaptability"
"How do traders handle surprise news?","Maintain proper position sizing so surprises don't devastate the account; reassess after dust settles.","Adaptability"
"Should traders anticipate news?","Don't predict news; instead, prepare for various scenarios and respond to price action.","Adaptability"
"What is the role of news in smart money operations?","Smart money often uses news to facilitate their campaigns - buying into bad news, selling into good news.","Adaptability"
"How do traders distinguish news-driven from genuine moves?","Genuine moves show follow-through and volume confirmation; news-driven moves often reverse quickly.","Adaptability"
"How do traders find their optimal Wyckoff approach?","Through experimentation with different timeframes, markets, and tactics until finding a comfortable fit.","Adaptability"
"Can Wyckoff be combined with other methods?","Yes, many traders combine Wyckoff with volume profile, order flow, or other analytical tools.","Adaptability"
"How does personality affect trading style adaptation?","Patient traders suit longer timeframes; active traders may prefer shorter timeframes.","Adaptability"
"How do life circumstances affect trading adaptation?","Available time and attention determine appropriate timeframes and trading frequency.","Adaptability"
"Should traders specialize or generalize?","Some traders specialize in specific patterns or markets; others take a broader approach.","Adaptability"
"How do traders evolve their approach over time?","Through experience, traders refine their understanding and develop personal style.","Adaptability"
"What is the role of continuous learning?","Markets evolve; continuous learning keeps traders current and adaptable.","Adaptability"
"How do traders handle changing personal circumstances?","Adapt timeframe and frequency to match available time and attention.","Adaptability"
"What if current approach stops working?","Analyze what changed, adapt tactics, but verify that core principles are still being applied correctly.","Adaptability"
"How do traders maintain edge over time?","Through continuous learning, adaptation, and refinement of approach.","Adaptability"
"How do traders handle unusual structures?","Apply core principles flexibly; not all structures match textbook examples exactly.","Adaptability"
"What are sloping accumulation structures?","Structures where the range slopes upward, indicating buying absorption during a drift higher.","Adaptability"
"What are sloping distribution structures?","Structures where the range slopes downward, indicating selling pressure during a drift lower.","Adaptability"
"How do traders handle nested structures?","Analyze the larger structure for context while trading the smaller structure for entries.","Adaptability"
"What are complex accumulation patterns?","Patterns with multiple springs, extended Phase B, or other complications from standard models.","Adaptability"
"What are complex distribution patterns?","Patterns with multiple upthrusts, extended Phase B, or failed attempts at new highs.","Adaptability"
"How flexible should pattern interpretation be?","Flexible enough to recognize variations while maintaining focus on core events and phases.","Adaptability"
"What is the danger of rigid pattern matching?","Rigid interpretation misses valid setups that don't match textbook examples exactly.","Adaptability"
"How do traders develop pattern recognition?","Through studying hundreds of historical examples and observing real-time market behavior.","Adaptability"
"What makes pattern recognition reliable?","Focus on principles behind patterns rather than specific shapes or configurations.","Adaptability"
"How do traders adapt position management to conditions?","Adjust hold periods, stop management, and profit-taking based on market behavior.","Adaptability"
"When should traders hold for larger targets?","When structure is clear, trend is strong, and multiple timeframes align.","Adaptability"
"When should traders take quick profits?","When conditions are uncertain, volatility is high, or structure is unclear.","Adaptability"
"How do market conditions affect stop management?","Volatile conditions require wider stops; trending conditions may allow tighter trailing.","Adaptability"
"How do traders adapt to failed breakouts?","Recognize the failure, exit promptly, and look for reverse setup.","Adaptability"
"How do traders handle positions during market closures?","Consider reducing or exiting positions before long closures to avoid gap risk.","Adaptability"
"What is the role of partial positions?","Partial positions allow flexibility to add or reduce based on how the trade develops.","Adaptability"
"How do traders scale in effectively?","Add to positions as the thesis is confirmed, reducing average cost of right trades.","Adaptability"
"How do traders scale out effectively?","Take partial profits at targets while allowing remainder to capture further gains.","Adaptability"
"What determines optimal position management?","Market conditions, setup quality, and personal risk tolerance determine management style.","Adaptability"
"How should traders respond to losing streaks?","Reduce size, return to basics, and carefully analyze what's going wrong.","Adaptability"
"What causes losing streaks?","Market condition changes, analytical errors, psychological issues, or simple variance.","Adaptability"
"How do traders distinguish variance from errors?","Track whether losses come from properly executed trades (variance) or poor decisions (errors).","Adaptability"
"When should traders stop trading?","Stop when losing significantly, when emotional, or when analysis is consistently wrong.","Adaptability"
"How do traders recover from drawdowns?","Return to smaller size, focus on highest quality setups, and rebuild confidence gradually.","Adaptability"
"What is the role of taking breaks?","Breaks help reset psychology and gain perspective when trading is going poorly.","Adaptability"
"How do traders adapt after major losses?","Analyze what happened, learn from mistakes, and return with improved approach.","Adaptability"
"Should strategy change after losses?","Only if losses result from strategy flaws; don't abandon sound strategy due to normal variance.","Adaptability"
"How do traders maintain confidence through difficulties?","Through understanding that losses are normal and faith in sound methodology.","Adaptability"
"What separates survivors from failures?","Survivors adapt, learn, and persist while managing risk; failures repeat mistakes.","Adaptability"
"How has technology improved Wyckoff analysis?","Better charting, volume tools, and data access make analysis more efficient.","Adaptability"
"What modern tools complement Wyckoff?","Volume Profile, order flow, market depth, and advanced charting all complement Wyckoff.","Adaptability"
"How do traders use Volume Profile with Wyckoff?","Volume Profile shows price levels where most volume traded, helping identify support/resistance.","Adaptability"
"How do traders use order flow with Wyckoff?","Order flow provides real-time insight into buying/selling pressure, confirming Wyckoff readings.","Adaptability"
"Should traders use automated tools?","Automation can help execution and alerts but shouldn't replace analytical judgment.","Adaptability"
"What is the role of scanning tools?","Scanners can identify potential setups across many symbols for closer analysis.","Adaptability"
"How do traders use alerts effectively?","Set alerts at key levels to notify of potential setup completion.","Adaptability"
"What technology is essential for Wyckoff trading?","Quality charting with volume, multiple timeframe capability, and reliable execution.","Adaptability"
"What technology is optional but helpful?","Volume Profile, market depth, order flow tools, and screening capabilities.","Adaptability"
"How should traders evaluate new tools?","Based on whether they improve analysis or execution without creating confusion.","Adaptability"
"How do successful Wyckoff traders adapt over their careers?","They continuously refine their approach, learn from mistakes, and evolve with markets.","Adaptability"
"What is the most important adaptation skill?","The ability to objectively assess what's working and what's not, then adjust accordingly.","Adaptability"
"How do traders stay relevant in changing markets?","By focusing on principles rather than specific patterns, and continuous learning.","Adaptability"
"What role does humility play in adaptation?","Humility allows traders to admit when they're wrong and adapt their approach.","Adaptability"
"How do traders handle being wrong?","Accept it quickly, learn from it, and move on to the next opportunity.","Adaptability"
"What is the biggest adaptation challenge?","Changing behavior that has worked in the past but may not work in current conditions.","Adaptability"
"How do traders know when to adapt versus persist?","When losses come from variance, persist; when losses come from changed conditions, adapt.","Adaptability"
"What makes traders adaptable?","Objectivity, continuous learning, emotional control, and willingness to change.","Adaptability"
"How does experience improve adaptability?","Experience provides more reference points for recognizing when adaptation is needed.","Adaptability"
"What is the relationship between discipline and adaptability?","Discipline provides consistent application of principles while adaptability adjusts tactics.","Adaptability"
"How do traders balance conviction and adaptation?","Have conviction in principles but adapt tactics based on market feedback.","Adaptability"
"What should never change despite adaptation?","Core risk management principles and commitment to capital preservation.","Adaptability"
"What can and should change through adaptation?","Timeframes, markets traded, position sizing, and specific tactics.","Adaptability"
"How do traders develop adaptability?","Through diverse experience, continuous learning, and honest self-assessment.","Adaptability"
"What is the test of adaptability?","Long-term survival and profitability across changing market conditions.","Adaptability"
"How do traders prepare for unknown future conditions?","By mastering principles deeply enough to apply them in any situation.","Adaptability"
"What makes Wyckoff particularly adaptable?","Its foundation in universal supply/demand principles makes it applicable in any market condition.","Adaptability"
"How do traders teach adaptability?","Through exposing students to diverse market conditions and encouraging flexible thinking.","Adaptability"
"What role does mentorship play in developing adaptability?","Good mentors demonstrate adaptive thinking and help identify when adaptation is needed.","Adaptability"
"Is adaptability innate or learned?","Both - some natural flexibility helps, but adaptability can definitely be developed through practice.","Adaptability"
"What are signs a trader needs to adapt?","Consistent losses, missed opportunities, or strategies that worked but no longer do.","Adaptability"
"How quickly should traders adapt?","Quickly enough to respond to genuine changes but slowly enough to avoid overreacting to noise.","Adaptability"
"What is over-adaptation?","Changing too frequently, not giving strategies time to work, or constantly chasing what just worked.","Adaptability"
"What is under-adaptation?","Refusing to change despite clear evidence that current approach isn't working.","Adaptability"
"How do traders find the right adaptation balance?","Through experience and honest assessment of results over meaningful time periods.","Adaptability"
"What should trigger adaptation review?","Periodic review regardless of results, plus immediate review after significant losses or market changes.","Adaptability"
"How do traders implement adaptations?","Gradually, testing changes with smaller size before full implementation.","Adaptability"
"What is the role of backtesting in adaptation?","Backtesting proposed changes on historical data before live implementation.","Adaptability"
"How do traders evaluate adaptation success?","Through tracking results before and after changes over sufficient time period.","Adaptability"
"What makes some traders more adaptable than others?","Mindset, openness to learning, and ability to separate ego from trading decisions.","Adaptability"
"How do traders adapt to regime changes?","By recognizing when market character shifts and adjusting tactics accordingly.","Adaptability"
"What is a market regime?","The prevailing market condition - trending, ranging, volatile, or calm.","Adaptability"
"How do traders identify regime changes?","Through changing volatility, trend behavior, and volume patterns.","Adaptability"
"What is the most challenging regime to trade?","Choppy, trendless markets where neither bulls nor bears dominate.","Adaptability"
"How do traders handle choppy markets?","By reducing activity, tightening criteria for trades, or standing aside.","Adaptability"
"What signals a shift from trending to ranging?","Failed breakouts, decreasing momentum, and convergence of moving averages.","Adaptability"
"What signals a shift from ranging to trending?","Breakout on volume, increasing momentum, and diverging moving averages.","Adaptability"
"How do traders adapt trade frequency?","Increase frequency in favorable conditions; reduce in unfavorable conditions.","Adaptability"
"What is the relationship between market condition and opportunity?","Some conditions offer more opportunity than others; adapt activity level accordingly.","Adaptability"
"How do traders stay productive in quiet markets?","Use quiet periods for education, system development, and preparation.","Adaptability"
"How does seasonality affect trading?","Certain times of year have different characteristics; adapt expectations accordingly.","Adaptability"
"What is summer trading adaptation?","Summer often has lower volume and less trend; consider reduced activity.","Adaptability"
"What is year-end trading adaptation?","Year-end can have tax selling and window dressing effects; factor into analysis.","Adaptability"
"How do traders adapt to holiday markets?","Reduced liquidity around holidays requires wider stops and smaller positions.","Adaptability"
"What is option expiration effect?","Option expiration can create unusual price behavior; factor into timing.","Adaptability"
"How does Federal Reserve affect adaptation?","Fed announcements create volatility; reduce exposure around meetings.","Adaptability"
"What is FOMC adaptation?","Consider reducing positions before FOMC meetings due to potential volatility.","Adaptability"
"How do traders handle sector rotation?","Identify which sectors are leading and lagging; adjust focus accordingly.","Adaptability"
"What is market cap adaptation?","Large and small caps behave differently; adapt analysis and expectations.","Adaptability"
"How do traders adapt between growth and value?","Recognize which style is favored and focus on stronger style.","Adaptability"
"What is international market adaptation?","Consider how foreign markets affect domestic trading and adjust accordingly.","Adaptability"
"How do currency moves affect adaptation?","Strong dollar affects multinational earnings; weak dollar affects different sectors.","Adaptability"
"What is inflation environment adaptation?","Inflation affects different sectors differently; adjust sector focus.","Adaptability"
"How do interest rates affect adaptation?","Rate changes affect financial sector and rate-sensitive stocks; adjust exposure.","Adaptability"
"What is recession adaptation?","Recessions require defensive positioning and focus on strongest stocks.","Adaptability"
"How do traders adapt to bull market peaks?","Watch for distribution signs and prepare for potential trend changes.","Adaptability"
"How do traders adapt to bear market bottoms?","Watch for accumulation signs and prepare for potential trend changes.","Adaptability"
"What is contrarian adaptation?","Going against crowd at extremes when evidence supports reversal.","Adaptability"
"When is contrarian approach appropriate?","When sentiment is extreme and technical structure supports reversal.","Adaptability"
"What is trend-following adaptation?","Going with established trend until evidence of reversal appears.","Adaptability"
"How do traders balance contrarian and trend-following?","Trend-follow during trends; look for contrarian opportunities at extremes.","Adaptability"
"What is mean reversion adaptation?","Expecting prices to return to average after extreme moves.","Adaptability"
"When is mean reversion appropriate?","In ranging markets or after climactic moves away from equilibrium.","Adaptability"
"How do traders adapt analysis to market type?","Trending markets favor breakout entries; ranging markets favor range boundaries.","Adaptability"
"What is the relationship between edge and conditions?","Edge varies by market condition; recognize when conditions favor your edge.","Adaptability"
"How do traders maximize edge?","By trading more in favorable conditions and less in unfavorable conditions.","Adaptability"
"What is tactical vs strategic adaptation?","Tactical adapts daily execution; strategic adapts overall approach over time.","Adaptability"
"How often should strategy be reviewed?","Quarterly or when results deviate significantly from expectations.","Adaptability"
"What triggers strategy review?","Extended drawdown, changed market conditions, or consistently missed opportunities.","Adaptability"
"How do traders document adaptations?","Record what changed, why, and the results for future reference.","Adaptability"
"What is the danger of constant adaptation?","Over-adaptation leads to system-hopping and never letting strategies work.","Adaptability"
"How do traders find adaptation balance?","Through experience distinguishing between strategy failure and normal variance.","Adaptability"
"What role does backtesting play in adaptation?","Test proposed adaptations on historical data before live implementation.","Adaptability"
"How do traders forward-test adaptations?","Paper trade or small-size trade adaptations before full implementation.","Adaptability"
"What is the adaptation learning curve?","Takes time to learn when adaptation is needed vs unnecessary tinkering.","Adaptability"
"How does experience improve adaptation?","Experience provides pattern recognition for when conditions warrant changes.","Adaptability"
"What makes some traders more adaptable?","Open-mindedness, continuous learning, and separation of ego from trading.","Adaptability"
"How do traders avoid rigid thinking?","By considering alternative scenarios and being willing to change views.","Adaptability"
"What is the relationship between rules and adaptation?","Rules provide structure; adaptation adjusts within rules or occasionally updates rules.","Adaptability"
"When should trading rules be changed?","When clear evidence shows rules no longer work, not after normal losses.","Adaptability"
"What role does psychology play in Wyckoff trading?","Psychology is fundamental to Wyckoff's approach. The methodology allows traders to make informed decisions unclouded by emotion through systematic analysis.","Psychology"
"How did Wyckoff view emotional trading?","Wyckoff believed emotions were the enemy of successful trading and that discipline was essential for consistent profits.","Psychology"
"What emotions most affect traders?","Fear and greed are the primary emotions that affect traders, driving irrational buying and selling.","Psychology"
"How does fear manifest in trading?","Fear causes traders to sell too early, avoid good opportunities, and close positions at the worst times.","Psychology"
"How does greed manifest in trading?","Greed causes traders to hold too long, take excessive risk, and chase markets after moves have occurred.","Psychology"
"How do successful traders manage emotions?","Through systematic analysis, predetermined rules, and proper position sizing that reduces emotional pressure.","Psychology"
"What is the relationship between position size and emotion?","Larger positions create more emotional pressure; proper sizing keeps emotions manageable.","Psychology"
"How does uncertainty affect trading psychology?","Uncertainty creates anxiety, which can lead to poor decisions and abandonment of sound strategies.","Psychology"
"How do traders handle uncertainty?","By accepting it as inherent to trading and focusing on process rather than outcome.","Psychology"
"What is the role of confidence in trading?","Confidence in analysis and methodology is essential, but overconfidence leads to excessive risk.","Psychology"
"How does Wyckoff methodology develop discipline?","The systematic structure of Wyckoff analysis provides clear rules and checkpoints that develop trading discipline.","Psychology"
"Why is discipline essential for traders?","Discipline ensures consistent application of proven methods rather than emotional reactions.","Psychology"
"What does trading discipline look like?","Discipline means following analysis, respecting stops, taking profits systematically, and waiting for valid setups.","Psychology"
"How do traders develop discipline?","Through practice, rule creation, and understanding that discipline leads to better long-term results.","Psychology"
"What breaks discipline?","Emotional reactions, revenge trading, overconfidence, and departure from proven methods.","Psychology"
"How do traders maintain discipline during losses?","By understanding that losses are normal and that discipline minimizes their impact.","Psychology"
"How do traders maintain discipline during wins?","By not becoming overconfident or abandoning risk management after profitable periods.","Psychology"
"What is the relationship between discipline and consistency?","Discipline creates consistency in analysis and execution, which leads to consistent results.","Psychology"
"How does journaling support discipline?","Journaling creates accountability and helps identify when discipline breaks down.","Psychology"
"What are signs of disciplinary breakdown?","Breaking rules, revenge trading, oversizing positions, and abandoning stops.","Psychology"
"Why is patience important in Wyckoff trading?","Patience allows traders to wait for high-probability setups rather than forcing trades in marginal conditions.","Psychology"
"How does Wyckoff methodology encourage patience?","By showing that the best opportunities come from waiting for complete structure development.","Psychology"
"What is the cost of impatience?","Impatient traders enter marginal setups with poor risk-reward, reducing overall profitability.","Psychology"
"How do traders develop patience?","Through understanding that patient waiting produces better results than constant activity.","Psychology"
"What does patient trading look like?","Waiting for Phase C entries, not chasing moves, and allowing positions time to work.","Psychology"
"How does patience relate to opportunity?","Patience preserves capital for the best opportunities rather than depleting it on marginal ones.","Psychology"
"What is the balance between patience and action?","Patient analysis followed by decisive action when conditions are right.","Psychology"
"How do traders handle slow markets?","Accept that slow markets require patience; use the time for study and preparation.","Psychology"
"What is the danger of excessive patience?","Excessive patience can mean missing opportunities; balance is key.","Psychology"
"How does patience relate to market phases?","Patience means not trading Phase B prematurely and waiting for Phase C or D entries.","Psychology"
"What mindset do successful Wyckoff traders have?","They think like the Composite Man, understanding institutional behavior rather than fighting it.","Psychology"
"How should traders think about the market?","As a mechanism for wealth transfer between informed and uninformed participants.","Psychology"
"What is the importance of objectivity?","Objectivity allows traders to see what the market is doing rather than what they want to see.","Psychology"
"How do traders maintain objectivity?","Through systematic analysis, consideration of alternative scenarios, and emotional detachment.","Psychology"
"What is the danger of bias in analysis?","Bias causes traders to see patterns that aren't there and ignore evidence against their view.","Psychology"
"How do traders overcome confirmation bias?","By actively looking for evidence against their thesis and considering alternative interpretations.","Psychology"
"What is the role of humility in trading?","Humility allows traders to admit mistakes quickly and adapt when analysis is wrong.","Psychology"
"How does ego affect trading?","Ego makes traders hold losing positions too long and avoid admitting mistakes.","Psychology"
"What is the relationship between ego and losses?","Ego often turns small losses into large ones as traders refuse to accept being wrong.","Psychology"
"How do traders separate ego from trading?","By focusing on process rather than being right, and viewing losses as information.","Psychology"
"How should traders psychologically handle losses?","View losses as a normal part of trading, learn from them, and move on without emotional reaction.","Psychology"
"What is a healthy attitude toward losses?","Losses are tuition paid for market education; they're unavoidable but should be minimized.","Psychology"
"How do losses affect trading psychology?","Losses can create fear, revenge trading, or over-caution if not processed properly.","Psychology"
"What is the danger of avoiding losses at all costs?","Avoiding losses at all costs leads to holding losers too long or missing good opportunities.","Psychology"
"How do traders recover psychologically from losses?","Through analysis, learning, and returning to disciplined trading with appropriate sizing.","Psychology"
"What is revenge trading?","Trading emotionally to 'get back' losses, typically leading to more losses.","Psychology"
"How do traders avoid revenge trading?","By taking breaks after losses and returning only when emotionally balanced.","Psychology"
"What is the relationship between loss size and psychology?","Larger losses create more psychological damage; proper position sizing prevents devastating losses.","Psychology"
"How do winning traders think about losses?","As inevitable and manageable through proper risk management and sound methodology.","Psychology"
"What separates profitable from unprofitable traders in handling losses?","Profitable traders accept and manage losses; unprofitable traders fight against them.","Psychology"
"How should traders psychologically handle wins?","Without overconfidence; recognize that wins result from sound process, not just being right.","Psychology"
"What is the danger of overconfidence after wins?","Overconfidence leads to increased risk-taking, larger positions, and eventual large losses.","Psychology"
"How do winning streaks affect psychology?","Winning streaks can create overconfidence and departure from disciplined risk management.","Psychology"
"What is the proper response to a winning trade?","Document what worked, stay humble, and maintain the same disciplined approach.","Psychology"
"How do traders avoid giving back profits?","By maintaining consistent risk management regardless of recent results.","Psychology"
"What is the relationship between wins and ego?","Wins can inflate ego, leading to overconfidence and poor subsequent decisions.","Psychology"
"How do traders stay grounded after wins?","By understanding that wins come from process, not from being special or infallible.","Psychology"
"What is the danger of success in trading?","Success can breed complacency and abandonment of the discipline that created it.","Psychology"
"How do traders maintain edge after success?","By continuing to follow the same process that created the success.","Psychology"
"What is the role of gratitude in trading success?","Gratitude keeps traders humble and focused on continued learning.","Psychology"
"How should traders mentally prepare for trading?","By clearing emotional distractions, reviewing analysis, and committing to follow their plan.","Psychology"
"What is the importance of pre-trading routine?","Routines prepare the mind for disciplined trading and identify any emotional issues.","Psychology"
"What should traders do before the market opens?","Review analysis, identify potential setups, set alerts, and ensure emotional readiness.","Psychology"
"How do traders manage external stress?","By not trading when external stress affects judgment, or reducing size if trading.","Psychology"
"What is the role of sleep in trading?","Sleep affects decision-making; tired traders make more mistakes and emotional decisions.","Psychology"
"How does physical health affect trading?","Physical health affects mental clarity; healthy traders make better decisions.","Psychology"
"What is the importance of work-life balance?","Balance prevents burnout and maintains the mental freshness needed for good decisions.","Psychology"
"How do traders handle personal problems while trading?","By recognizing when personal problems affect judgment and reducing or stopping trading.","Psychology"
"What is the role of exercise in trading?","Exercise reduces stress, improves clarity, and helps maintain emotional balance.","Psychology"
"How do traders prepare for potentially stressful trades?","By planning in advance, reducing size if needed, and having clear rules for management.","Psychology"
"How does Wyckoff methodology improve decision making?","By providing a systematic framework that removes emotional decisions.","Psychology"
"What is the role of rules in decision making?","Rules provide objective criteria for decisions, reducing emotional interference.","Psychology"
"How do traders make decisions under uncertainty?","By accepting uncertainty and focusing on probability rather than certainty.","Psychology"
"What is analysis paralysis?","Overthinking that prevents traders from taking action on valid setups.","Psychology"
"How do traders overcome analysis paralysis?","By having clear rules for entry and trusting their analysis.","Psychology"
"What is the role of intuition in trading?","Developed intuition from experience can complement analytical decisions.","Psychology"
"How do traders develop good intuition?","Through extensive practice and review of many trading situations.","Psychology"
"What is the danger of premature intuition?","Untested intuition is often just emotion disguised as insight.","Psychology"
"How do traders balance analysis and action?","Analysis should be thorough but not endless; action follows completed analysis.","Psychology"
"What makes trading decisions difficult?","Uncertainty, emotional pressure, and the financial consequences of being wrong.","Psychology"
"What psychological traps affect traders?","Confirmation bias, recency bias, anchoring, and loss aversion are common traps.","Psychology"
"What is recency bias in trading?","Giving too much weight to recent events and assuming they will continue.","Psychology"
"How do traders overcome recency bias?","By analyzing longer-term patterns and not overweighting recent price action.","Psychology"
"What is anchoring in trading?","Fixating on a particular price level rather than responding to current market structure.","Psychology"
"How do traders overcome anchoring?","By focusing on current market structure rather than historical reference points.","Psychology"
"What is loss aversion?","The tendency to feel losses more strongly than equivalent gains, affecting decision making.","Psychology"
"How does loss aversion affect trading?","It causes traders to hold losers too long and cut winners too short.","Psychology"
"How do traders overcome loss aversion?","Through understanding the bias and using systematic rules for exits.","Psychology"
"What is the disposition effect?","The tendency to sell winners too early and hold losers too long.","Psychology"
"How do traders overcome the disposition effect?","By using systematic profit-taking and stop-loss rules.","Psychology"
"What is the importance of long-term perspective?","Long-term thinking prevents overreaction to short-term fluctuations in results.","Psychology"
"How do traders develop long-term perspective?","By understanding that trading is a marathon, not a sprint, and measuring success over time.","Psychology"
"What is the danger of short-term thinking?","Short-term thinking leads to overtrading, system-hopping, and emotional decisions.","Psychology"
"How do traders measure success?","By long-term risk-adjusted returns, not individual trade results.","Psychology"
"What is the relationship between time and skill?","Skill develops over time with practice; expect gradual improvement, not instant success.","Psychology"
"How do traders handle setbacks in development?","As normal parts of the learning process, not evidence of inability to succeed.","Psychology"
"What is realistic expectation for new traders?","Expect to spend years developing proficiency; success comes slowly for most.","Psychology"
"How do traders stay motivated during learning?","By focusing on process improvement rather than results, and celebrating small wins.","Psychology"
"What is the role of persistence?","Persistence through difficulties separates successful traders from those who quit.","Psychology"
"When should traders consider quitting?","When they've given genuine effort over sufficient time and have evidence it's not working.","Psychology"
"What is mental discipline in trading?","The ability to follow analysis and rules regardless of emotional pressure.","Psychology"
"How do traders strengthen mental discipline?","Through practice, accountability, and understanding the importance of discipline.","Psychology"
"What threatens mental discipline?","Stress, fatigue, overconfidence, recent losses, and external pressures.","Psychology"
"How do traders recognize discipline breakdown?","When they start breaking rules, skipping steps, or making emotional decisions.","Psychology"
"What should traders do when discipline fails?","Stop trading, analyze what happened, and return only when emotionally ready.","Psychology"
"What is the relationship between discipline and rules?","Rules provide structure for discipline; discipline means following the rules.","Psychology"
"How do traders create effective rules?","Based on analysis of what works, creating clear and actionable guidelines.","Psychology"
"What makes rules effective?","Clarity, specificity, and the discipline to follow them consistently.","Psychology"
"How do traders handle rule exceptions?","Rarely; rules should be followed unless there's compelling pre-planned reason.","Psychology"
"What is the danger of too many rules?","Complexity leads to confusion and inconsistent application.","Psychology"
"What is the importance of focus in trading?","Focus ensures traders don't miss important signals or make careless errors.","Psychology"
"How do traders maintain focus?","Through proper rest, limited distractions, and trading only when mentally fresh.","Psychology"
"What destroys focus?","Fatigue, distractions, stress, and attempting to follow too many markets.","Psychology"
"What is the optimal number of markets to follow?","Few enough to analyze thoroughly; most traders are better with fewer markets.","Psychology"
"How does multi-tasking affect trading?","Multi-tasking degrades performance; focus on trading when trading.","Psychology"
"What is the role of the trading environment?","A conducive environment with minimal distractions supports better decisions.","Psychology"
"How do traders handle distractions?","By creating a trading environment that minimizes them and having protocols for unexpected interruptions.","Psychology"
"What is mental fatigue in trading?","Degraded decision-making from extended focus, leading to errors.","Psychology"
"How do traders manage mental fatigue?","Through regular breaks, limited trading hours, and recognizing signs of fatigue.","Psychology"
"When should traders stop trading for the day?","When tired, after hitting daily loss limits, or when concentration wavers.","Psychology"
"What is psychological resilience in trading?","The ability to recover from setbacks and maintain effectiveness through difficulties.","Psychology"
"How do traders build resilience?","Through experience, proper perspective, and developing coping strategies.","Psychology"
"What threatens resilience?","Excessive losses, personal problems, and lack of proper support systems.","Psychology"
"How do traders recover from psychological damage?","Time away from trading, reflection, and gradual return with appropriate sizing.","Psychology"
"What is the role of support systems?","Family, mentors, and trading communities can provide essential emotional support.","Psychology"
"How do traders build support systems?","By connecting with other traders and maintaining relationships outside trading.","Psychology"
"What is the danger of isolation in trading?","Isolation can lead to distorted thinking and lack of perspective on problems.","Psychology"
"How do trading communities help psychology?","By providing perspective, support, and shared experience.","Psychology"
"What is the role of mentorship in psychology?","Good mentors help traders navigate psychological challenges from their experience.","Psychology"
"How do traders handle inevitable difficulties?","Through preparation, proper perspective, and understanding they're normal.","Psychology"
"How did Wyckoff codify mental discipline?","Wyckoff codified mental discipline into teachable principles based on observations of successful traders.","Psychology"
"What psychological lessons did Wyckoff learn from Jesse Livermore?","Lessons about patience, discipline, and the importance of psychological control in trading.","Psychology"
"What is the psychological difference between professionals and amateurs?","Professionals have emotional control and discipline; amateurs trade emotionally.","Psychology"
"How does understanding the Composite Man help psychology?","Understanding that markets are manipulated reduces emotional reaction to short-term moves.","Psychology"
"What is the psychological benefit of systematic analysis?","Systematic analysis reduces emotional decision-making and increases confidence.","Psychology"
"How does proper risk management affect psychology?","Proper risk management reduces anxiety and allows clearer thinking.","Psychology"
"What is the relationship between preparation and psychology?","Thorough preparation reduces uncertainty and anxiety, improving decision-making.","Psychology"
"How do traders develop the right psychological approach?","Through education, practice, and deliberate development of mental skills.","Psychology"
"What is the role of self-awareness in trading?","Self-awareness helps traders recognize when emotions are affecting decisions.","Psychology"
"How do traders develop self-awareness?","Through journaling, reflection, and honest assessment of decisions.","Psychology"
"What is the importance of emotional intelligence?","Emotional intelligence helps traders manage their own emotions and read market sentiment.","Psychology"
"How do traders improve emotional intelligence?","Through practice, feedback, and deliberate attention to emotional states.","Psychology"
"What is mindfulness in trading?","Present-moment awareness that helps traders stay focused and make better decisions.","Psychology"
"How can mindfulness help traders?","By reducing emotional reactivity and improving focus on current market conditions.","Psychology"
"What is the role of visualization in trading?","Visualizing successful trades and proper responses builds mental preparation.","Psychology"
"How do traders use visualization?","By mentally rehearsing trading scenarios and appropriate responses.","Psychology"
"What is positive self-talk in trading?","Constructive internal dialogue that supports good decision-making.","Psychology"
"How do traders develop positive self-talk?","By identifying negative patterns and consciously replacing them with constructive thoughts.","Psychology"
"What is the danger of negative self-talk?","Negative self-talk undermines confidence and can become self-fulfilling.","Psychology"
"How do traders handle criticism?","By separating valid feedback from unhelpful criticism and learning from the former.","Psychology"
"What is the role of acceptance in trading?","Accepting what cannot be controlled (market behavior) while controlling what can be (our response).","Psychology"
"How does acceptance improve trading?","Acceptance reduces frustration and allows focus on actionable factors.","Psychology"
"What is the serenity principle in trading?","Accept what you cannot change, change what you can, and have wisdom to know the difference.","Psychology"
"How do traders apply the serenity principle?","By focusing on analysis and execution rather than trying to control market outcomes.","Psychology"
"What is the ultimate psychological goal?","Trading with confidence, discipline, and emotional balance regardless of outcomes.","Psychology"
"How long does psychological development take?","Psychological development is ongoing; even experienced traders continue improving.","Psychology"
"Can psychological skills be taught?","Yes, psychological skills can be developed through deliberate practice and education.","Psychology"
"What resources help trading psychology?","Books on trading psychology, coaching, journaling, and peer support all help.","Psychology"
"Is natural temperament important?","Temperament matters, but anyone can develop adequate psychological skills with effort.","Psychology"
"What temperament suits trading best?","Patient, disciplined, objective, and emotionally stable temperaments suit trading well.","Psychology"
"What is FOMO in trading?","Fear Of Missing Out - the anxiety that causes traders to chase moves they've missed.","Psychology"
"How do traders overcome FOMO?","By recognizing there's always another opportunity and waiting for valid setups.","Psychology"
"What is the opposite of FOMO?","The fear of losing that prevents taking valid trades due to excessive caution.","Psychology"
"How do traders balance FOMO and excessive caution?","Through systematic rules that remove emotional decision-making.","Psychology"
"What is attachment to positions?","Becoming emotionally invested in a position beyond rational analysis.","Psychology"
"How do traders avoid attachment?","By viewing positions as temporary holdings, not identity or predictions.","Psychology"
"What is sunk cost fallacy in trading?","Holding losers because of what's already been lost rather than future prospects.","Psychology"
"How do traders overcome sunk cost fallacy?","By asking whether they would enter the trade now, ignoring existing loss.","Psychology"
"What is the endowment effect?","Valuing positions more because we own them than if considering buying.","Psychology"
"How does endowment effect affect exits?","It causes traders to hold positions longer than objectively warranted.","Psychology"
"What is hindsight bias?","Believing past events were predictable after they occurred.","Psychology"
"How does hindsight bias affect learning?","It can lead to overconfidence about ability to predict future events.","Psychology"
"What is outcome bias?","Judging decisions by outcome rather than process quality.","Psychology"
"Why is outcome bias dangerous?","Good outcomes from bad process reinforce bad habits; bad outcomes from good process shouldn't change approach.","Psychology"
"How do traders maintain process focus?","By evaluating decisions based on information available at the time, not outcomes.","Psychology"
"What is gambler's fallacy?","Believing past independent events affect future probabilities.","Psychology"
"How does gambler's fallacy affect trading?","Expecting reversals 'because the market is due' without analytical basis.","Psychology"
"What is representativeness bias?","Making decisions based on how closely something resembles a pattern.","Psychology"
"How does representativeness affect pattern trading?","May lead to seeing patterns that don't actually exist or are incomplete.","Psychology"
"What is cognitive overload?","Mental exhaustion from processing too much information.","Psychology"
"How does cognitive overload affect trading?","It degrades decision quality and leads to errors.","Psychology"
"How do traders prevent cognitive overload?","By simplifying analysis and focusing on key factors.","Psychology"
"What is the paradox of choice?","Too many options can lead to paralysis and poor decisions.","Psychology"
"How does choice paradox affect stock selection?","Too many opportunities can lead to poor selection or inaction.","Psychology"
"How do traders narrow choices?","By using screening criteria to focus on best opportunities.","Psychology"
"What is herding behavior?","Following the crowd regardless of independent analysis.","Psychology"
"Why is herding dangerous?","The crowd is often wrong at extremes, leading to buying highs and selling lows.","Psychology"
"How do traders resist herding?","Through independent analysis and recognition of sentiment extremes.","Psychology"
"What is contrarian psychology?","The ability to act against the crowd when analysis supports it.","Psychology"
"How do traders develop contrarian ability?","Through understanding crowd psychology and confidence in analysis.","Psychology"
"What is the relationship between stress and performance?","Moderate stress can enhance performance; excessive stress degrades it.","Psychology"
"How do traders manage stress?","Through proper position sizing, preparation, and stress management techniques.","Psychology"
"What is performance anxiety?","Anxiety about trading outcomes that interferes with execution.","Psychology"
"How do traders overcome performance anxiety?","By focusing on process, reducing position size, and building confidence gradually.","Psychology"
"What is the relationship between confidence and competence?","Confidence should track competence; overconfidence without skill is dangerous.","Psychology"
"How do traders build genuine confidence?","Through education, practice, and track record of successful execution.","Psychology"
"What is imposter syndrome in trading?","Feeling undeserving of success or doubting genuine skill.","Psychology"
"How do traders handle imposter syndrome?","By recognizing achievements and attributing success appropriately to effort and skill.","Psychology"
"What is the plateau effect?","Periods where improvement stalls despite continued effort.","Psychology"
"How do traders handle plateaus?","By recognizing them as normal, seeking new learning, and persisting.","Psychology"
"What is breakthrough psychology?","The mindset shift when concepts suddenly integrate and skill jumps.","Psychology"
"How do traders accelerate breakthroughs?","Through deliberate practice, diverse learning, and patience.","Psychology"
"What is the role of identity in trading?","Strong trader identity can support discipline; over-identification can cause problems.","Psychology"
"How should identity relate to outcomes?","Identity should be based on process and effort, not outcomes.","Psychology"
"What is growth mindset in trading?","Believing trading skill can be developed through effort and learning.","Psychology"
"Why is growth mindset important?","It supports persistence through difficulties and continuous improvement.","Psychology"
"What is fixed mindset danger?","Believing skill is fixed leads to giving up after failures.","Psychology"
"How do traders develop growth mindset?","By viewing challenges as learning opportunities and effort as path to mastery.","Psychology"
"What is deliberate practice?","Focused, feedback-driven practice targeting specific improvement areas.","Psychology"
"How do traders implement deliberate practice?","By identifying weaknesses, creating exercises, and getting feedback.","Psychology"
